alg_name,max_evals,time_seconds,problem_name,run,linear_scaling,sympy_expr,r2_train,r2_test
"GP-GOMEA",100000,1.7427692413330078,"1089_USCrime",0,True,"354.4026455681054 + (2.7739306134874426 * (((x3/((x10-x2)-(x0+x7)))*x12)))",0.8972561075225638,0.7442058465832372
"GP-GOMEA",100000,1.8728277683258057,"1089_USCrime",1,True,"322.2758277752473 + (0.0031719856203800702 * (((x3+((x11/x9)+sin(x12)))*(((x0-x12)-(x11-x10))+sin((x9+x4))))))",0.929827955376707,0.6664045285074608
"GP-GOMEA",100000,2.0690600872039795,"1089_USCrime",4,True,"307.3644029326854 + (-258.0680378367885 * (((sin((x7/x12))+((x12-x0)/(161.172000/x3)))/(((x6+x2)+(x11*x2))+((5320.539000/x4)+(x2*x1))))))",0.896570361516902,0.8583899449914248
"GP-GOMEA",100000,2.0986876487731934,"1089_USCrime",13,True,"302.69228714158197 + (1.1685177226787762 * (((((x6-x11)+sin(x12))-((x9-x7)-sin(x12)))/(((x6+x0)/(x1-x12))/sin((x3/x7))))))",0.9125966446992028,0.7990665015283652
"GP-GOMEA",100000,2.148524522781372,"1089_USCrime",12,True,"451.7314345571184 + (-0.3382462174331688 * (((((x2+x12)+(x3/x8))+x1)+(x4-((x9/x8)+(x0-x3))))))",0.881144945837544,0.8502509695065931
"GP-GOMEA",100000,2.162534236907959,"1089_USCrime",9,True,"400.87240542921546 + (0.31981581859932345 * (((x0-sin(x10))-(x3+((x12/x9)+(x4+x12))))))",0.9461088477656788,0.5074043943859425
"GP-GOMEA",100000,2.1800124645233154,"1089_USCrime",6,True,"490.75327734661244 + (0.23602111500119824 * (((((x9/x1)/x4)-((x12+x5)-(x2*x1)))+((x7-sin(x9))+((x10/-1545.527000)+(x8-1731.154000))))))",0.9079741422993922,0.6251658867960894
"GP-GOMEA",100000,2.2148590087890625,"1089_USCrime",3,True,"284.60002646060565 + (-0.5792228463605269 * (((((x0-x12)+(2179.892000/x5))+sin(x1))/(((x12+x1)+(x8+x6))/((x2*x1)-(x12+x2))))))",0.9121028654636415,0.7906954539080018
"GP-GOMEA",100000,2.2476415634155273,"1089_USCrime",5,True,"480.1925650121277 + (-0.326697275603603 * (((((x10/x11)+(x5+x3))+((x3-x0)+(x1+x12)))-(((-715.956000+x6)/x8)+sin((x0*x4))))))",0.8750541277641883,0.9086594145314462
"GP-GOMEA",100000,2.2619874477386475,"1089_USCrime",10,True,"377.70183131416246 + (-0.29833994403544156 * (((((x7+x5)*sin(x3))/((x2+x0)-(x12/x0)))+(((x5+x3)+x12)-(x0+(x2*x11))))))",0.9222111231117438,0.7910062481976102
"GP-GOMEA",100000,2.268958806991577,"1089_USCrime",11,True,"284.5540989515691 + (0.0022061391171159144 * ((((sin(x1)/(x10/x12))+(x0-x12))/sin(((x9+x6)/(x12*x3))))))",0.9111309129354092,0.7556927554294515
"GP-GOMEA",100000,2.3440487384796143,"1089_USCrime",8,True,"2632.2494950310033 + (0.44975479568961374 * ((-4853.670000+(((x11*x2)-(x12+x1))+x0))))",0.8902970026833722,0.6914953789669068
"GP-GOMEA",100000,2.35714054107666,"1089_USCrime",2,True,"419.3162453955439 + (-0.33996251007155154 * (((((x3+x12)+(x3-x0))-x2)+((sin(3701.260000)*x6)/((x2+x8)+sin(x11))))))",0.932855524654593,0.5039580443920119
"GP-GOMEA",100000,2.3643500804901123,"1089_USCrime",7,True,"57.92589285359065 + (-0.3283592095189176 * (((((x12-x7)+(x7/x0))+((x7/x0)-(x10*x2)))*(((x8+x6)-(x7/x12))/((x6/-1672.562000)+(x6+x3))))))",0.9206715551589366,0.7460504601354292
"GP-GOMEA",100000,1.0998034477233887,"1089_USCrime",15,True,"292.8895365976662 + (-1.3373776153270956e-06 * (((((1013.563000/x9)+(x12+x12))*(x3-(x0/x11)))*((x12+(x1/x4))+(x3-sin(x0))))))",0.9046907762256184,0.6993981575110719
"GP-GOMEA",100000,1.4514257907867432,"1089_USCrime",14,True,"334.0298064423974 + (0.38262102568278533 * ((((sin(x1)*x11)+(x2/(x11/x12)))-(((x12-x11)+sin(x0))+((x7-x7)-(x11+x0))))))",0.9024746233708153,0.7745620764216994
"GP-GOMEA",100000,1.2695276737213135,"1089_USCrime",22,True,"302.3411490782088 + (-0.00029011842361538237 * (((((x3+x12)+x4)-(sin(x1)+x0))*(((x7--2000.134000)/(x9+x8))+x12))))",0.9216387804985141,0.7930644523903775
"GP-GOMEA",100000,1.2921791076660156,"1089_USCrime",25,True,"366.98965834586124 + (0.18071504320751594 * (((((x3*x2)-(x12+x2))-((x6/x9)+(x12-x0)))-((x7/(x11+x6))-sin((5113.291000*x3))))))",0.8840920992210555,0.8475073835708017
"GP-GOMEA",100000,1.6411247253417969,"1089_USCrime",16,True,"319.1675385928045 + (-2.1669095293853253 * ((((x12+x5)-x1)*(x3/(708.232000+(x0+x0))))))",0.9162874214565405,0.7183525304088332
"GP-GOMEA",100000,1.4841063022613525,"1089_USCrime",27,True,"305.95799349539215 + (-0.0001370456874440103 * (((((x5-x0)-(x7/x4))+(x12-(x10*x2)))*(((x7-x5)+x3)+((x1+x12)+(x7/x9))))))",0.9043798962986852,0.8973219395724559
"GP-GOMEA",100000,1.0595862865447998,"1089_USCrime",28,True,"401.9552448308117 + (-0.2965471323486753 * (((((x12-x0)-(x2-x5))-(sin(x4)/(1228.090000/x6)))+(((x3/x8)+(x3+x3))-x11))))",0.8838410928760112,0.8775670148949815
"GP-GOMEA",100000,1.9210269451141357,"1089_USCrime",20,True,"391.7394182325792 + (0.31540963762530355 * (((((x0*x12)/(x12-x11))-((x12+x4)+(x1/x9)))+(sin(sin(x10))-x3))))",0.8851664694733316,0.8621590035146237
"GP-GOMEA",100000,2.0638744831085205,"1089_USCrime",18,True,"334.45348681141365 + (8.173450589034946 * (((((x0-x12)*x3)/((x1--2624.402000)-(x7/x9)))-(((x6-x12)/x7)/sin((x5/x11))))))",0.9364197609375238,0.7047765252354417
"GP-GOMEA",100000,2.176473379135132,"1089_USCrime",17,True,"332.63025649676996 + (0.282537828281805 * ((((sin(3868.828000)+(x0-x5))-x12)+(((x0+4812.889000)/(x4-x2))*x2))))",0.9147201125958948,0.6193772971033301
"GP-GOMEA",100000,2.261604070663452,"1089_USCrime",19,True,"259.9589211552894 + (3.459162825477573e-07 * (((((x7/x10)-x7)-((x12-x9)*(x12-x0)))*(((x2+639.984000)+(x5+4434.605000))*(x3/x6)))))",0.9017690555249809,0.6246559129778966
"GP-GOMEA",100000,2.223515033721924,"1089_USCrime",21,True,"305.1253226660574 + (-0.0003806286202103192 * (((((x6/x11)*(x1/x10))+(sin(x4)-(x5-x12)))*(((x12/x9)-x8)+((x4+x12)+(x5-x0))))))",0.9164992243166988,0.2641556081774562
"GP-GOMEA",100000,1.3544762134552002,"1089_USCrime",29,True,"332.2069489813638 + (1.564425725691814 * (((((x0-x11)*x11)+((x11-x12)*x3))/((x6+(x2*x11))+((x6/-1702.776000)*(x10-x0))))))",0.8776343540779729,0.8993934066276776
"GP-GOMEA",100000,2.196133852005005,"1089_USCrime",24,True,"453.5749530487102 + (0.28781150152636537 * ((((sin(x1)-(x12+x1))-((x5+x3)-(x0-x3)))-(((x3*x3)/(x7*x9))*x5))))",0.8988651554577707,0.6839950378194617
"GP-GOMEA",100000,2.7769062519073486,"1089_USCrime",23,True,"457.56168776881185 + (-287.581454708743 * (((((x6/x8)+x1)+((x5+x12)-(x0-x3)))/(x7-x3))))",0.8857778375860882,0.8721186110194846
"GP-GOMEA",100000,2.7432634830474854,"1089_USCrime",26,True,"355.2449730559923 + (284.2565000003554 * (((((2891.188000/x3)-(x12+x3))-((x12/x4)+(x5-x3)))/(((-4113.195000+x8)/(x11+x8))+((x0+x7)+(x1*x2))))))",0.9086591458028932,0.7638789155789745
"GP-GOMEA",100000,5.9900031089782715,"1028_SWD",3,True,"-0.44886741144418996 + (-0.13559531855021245 * (((sin((x1*x6))-((x6-x9)+(13.676000+x8)))-(((-5.587000+x2)-(x7-x2))+((x4+12.487000)+(x9*x7))))))",0.40884300310202326,0.39178443641411886
"GP-GOMEA",100000,5.988986968994141,"1028_SWD",4,True,"3.1828872994070663 + (0.07330312918825907 * (((((x9*x8)+(x4/x4))-((13.267000/x2)+(x8-x4)))-((sin(x8)+sin(x3))-((x7+4.955000)+(x6*x4))))))",0.40089603749988234,0.38719842343782496
"GP-GOMEA",100000,6.111049175262451,"1028_SWD",1,True,"2.0865243866802228 + (-0.10029512748154683 * (((((x9-x1)-(x4+x9))+((x3-x2)/(14.194000/x7)))-(((x8+x6)+(x5-x9))+((x2*x9)+(x7*x9))))))",0.42767134169619014,0.2551291339613194
"GP-GOMEA",100000,6.178223371505737,"1028_SWD",2,True,"1.2322011385635308 + (0.1533516982321975 * (((((x5+x2)+x4)+sin((11.447000+x2)))+(((x8+x9)+(x6+x1))+(x7*(x9/x9))))))",0.40060567906905276,0.4144588598525505
"GP-GOMEA",100000,6.347754955291748,"1028_SWD",0,True,"1.3579491477070742 + (-0.1849246154472535 * (((sin(sin(x9))-((x1/x5)+(x8+x2)))-(((x7+x6)+(x5+x9))-sin((x4+x5))))))",0.42281523462384807,0.32924310628522935
"GP-GOMEA",100000,6.824253797531128,"1028_SWD",6,True,"2.8553018245264274 + (-0.06258887066893991 * (((((19.665000+18.683000)/(x4+x2))-((x8*x9)+(x9+x2)))-(x1+((x7*x6)+(x2+7.632000))))))",0.4064894781546242,0.4115732897569997
"GP-GOMEA",100000,6.984820127487183,"1028_SWD",23,True,"2.9492596380905454 + (0.09188755587151107 * (((((x5/x8)-(x7-x1))+((-8.642000/x2)+x6))+((sin(x5)+(x9*x8))+((x4*x7)+(x8/x8))))))",0.40917922349086666,0.41275823533312395
"GP-GOMEA",100000,7.04946494102478,"1028_SWD",13,True,"3.162075300755142 + (0.060443734369901816 * (((((x2*x3)-sin(x6))-((8.613000/x2)+(x3-x0)))+(((x5*x7)+(x4*x9))+((x8*x1)-sin(x9))))))",0.41198404725966,0.4130776124520442
"GP-GOMEA",100000,7.085654258728027,"1028_SWD",5,True,"2.267326681160289 + (0.1420490505315044 * ((((x1+sin(x2))+((x2*x9)+(x6+x4)))-(sin(sin(x8))*((x9/x7)+sin(x3))))))",0.4175306871345341,0.3600445116266474
"GP-GOMEA",100000,7.165194988250732,"1028_SWD",12,True,"1.9637843024335542 + (0.11798632122405367 * ((((x4+(x6+x8))+x8)-(((x8/x1)-(x2*x9))-((x3/x3)*(x7+x5))))))",0.434265212221948,0.3002391380031637
"GP-GOMEA",100000,7.623712539672852,"1028_SWD",14,True,"2.7190706754813014 + (-1.4520117288922896 * (((((7.291000/x2)-(x4+x9))-((x6+5.849000)-sin(x3)))/(((10.485000-x1)/(x7*x8))-(-6.932000/sin(x5))))))",0.38521636306948825,0.45750866757647757
"GP-GOMEA",100000,7.6459126472473145,"1028_SWD",15,True,"2.12682424728645 + (-0.14424303002473918 * (((sin((x0+x5))+(x2-(x1+x4)))+(((x8/x8)-(x9*x2))-((x2/x9)+(x8+x7))))))",0.4383212384279854,0.275699201187105
"GP-GOMEA",100000,7.741156101226807,"1028_SWD",19,True,"3.454148877217384 + (-0.06237656372908912 * (((((17.499000/x2)-(x1/14.754000))-((x8*x9)+(x6*x4)))-(((x7+x3)+x0)-sin((x5+x9))))))",0.4263109999657946,0.3353093181808381
"GP-GOMEA",100000,7.819710969924927,"1028_SWD",16,True,"1.1520441046538215 + (0.16042648853336747 * ((((sin(x1)/(x0/x3))+(x7+(x4+x9)))+(((x8+x0)+(x1+x2))-((x8/x2)-x6)))))",0.4171307797422422,0.37018007415211684
"GP-GOMEA",100000,7.97765040397644,"1028_SWD",17,True,"1.899787431002418 + (-0.1752585558372948 * (((((x1/x6)-(x1+x9))-((x5+x8)+(x4+x2)))+(sin((x2*x6))/((x5+x2)/x9)))))",0.42547933094202217,0.2911279071921613
"GP-GOMEA",100000,8.221018552780151,"1028_SWD",18,True,"1.363768621488562 + (-0.18398308609846073 * ((sin((6.747000+(x1+x5)))-((x4+x6)+((x7+x9)+(x8+x2))))))",0.4142172174579707,0.3884337328715102
"GP-GOMEA",100000,8.492722034454346,"1028_SWD",20,True,"1.3631016792377275 + (0.17794621252284257 * ((((x2+sin(x7))+((x4+x1)+x8))+(((x6+x9)-(x1-x7))-sin((x1+x5))))))",0.42639969547370793,0.35618116662835375
"GP-GOMEA",100000,8.689582109451294,"1028_SWD",25,True,"3.107166899029101 + (0.05178200132361264 * (((((x8*x6)+(x1*x9))-sin((x5*x3)))+(((x2*x5)+(x9*x4))+((-12.371000/x2)+(x7+x8))))))",0.42540433248745113,0.3129370885043905
"GP-GOMEA",100000,8.78580355644226,"1028_SWD",21,True,"3.6292584411642816 + (0.07323239907270239 * (((((x1+x8)-(x1-x0))+((-8.642000/x1)+(x7-x1)))+(((x4*x9)+(x7+x3))+((x2/x1)-(12.649000/x2))))))",0.40138020506133953,0.4335698822500167
"GP-GOMEA",100000,9.106841325759888,"1028_SWD",22,True,"-0.0025138567123206834 + (-0.14924411907321164 * (((((x6/x2)+(x9/x1))-((x8+x2)+(12.746000+x9)))-(((x6+x9)+x7)+x4))))",0.3914241479434535,0.4400667204912291
"GP-GOMEA",100000,9.358404159545898,"1028_SWD",28,True,"1.8630413386555593 + (0.08731468065977575 * (((((x5*x7)+(x6+x1))-sin((x2+x2)))+((x6+(x1+x4))+((x2+x2)+(x8*x9))))))",0.4186031393788412,0.38052022163081334
"GP-GOMEA",100000,9.473576307296753,"1028_SWD",24,True,"1.7350665018994 + (-0.1472744748043388 * (((((x9/x6)-(x9+x4))-((x7+x8)+(x9+x2)))-x2)))",0.42502529616840445,0.3140707336045554
"GP-GOMEA",100000,9.595510721206665,"1028_SWD",9,True,"2.6533639730471297 + (0.07509460304458562 * (((((x9*x6)-sin(x4))+((x2*x7)+(x1*x8)))+((x4-(2.892000/x5))+(sin(x1)*(x2*x3))))))",0.3921986635430712,0.43499277343443477
"GP-GOMEA",100000,9.592344999313354,"1028_SWD",7,True,"-0.5111026692661802 + (0.12208428383830079 * (((((x8+x6)-(x1-x2))+((x1*x0)-(x0+x0)))-(((-19.568000-x4)-sin(x1))-((x7+x9)+(x2+x9))))))",0.4064553571324181,0.3980040965678693
"GP-GOMEA",100000,9.693852186203003,"1028_SWD",27,True,"2.0338030796674684 + (0.07783122173420237 * (((((x2*x9)+(x1+x6))+x9)+(((x2+x8)+x8)+((x7*x4)+sin(x4))))))",0.4067459417666831,0.37950786594624264
"GP-GOMEA",100000,9.818766355514526,"1028_SWD",26,True,"1.5484857443139057 + (0.16333875715874308 * (((sin((x1-x3))+((x7+x9)+(x5+x3)))+((x6+(x8+x4))-((x5-x2)+(x3/x2))))))",0.44429384572912145,0.26043961553563477
"GP-GOMEA",100000,9.931053400039673,"1028_SWD",8,True,"2.59087680490401 + (0.09361178843402383 * (((((x8/x8)*x9)+((-8.642000/x2)+(x8+x3)))+((x1+(x6*x9))+((x4+x7)+(x8/x8))))))",0.4094426034768224,0.37144820796227074
"GP-GOMEA",100000,9.91434121131897,"1028_SWD",29,True,"2.282512501186776 + (0.11484225769905963 * (((((x2*x9)+(x8+x4))+x0)-(((x5/x3)/(x7/x9))-((x5+x1)-sin(x9))))))",0.40031541776280555,0.43054151586726497
"GP-GOMEA",100000,10.447510719299316,"1028_SWD",10,True,"1.3373053556063221 + (0.11437943603518028 * (((((x8+x9)+(x2+x4))-((x3/x2)-x8))+((sin(x8)+(x5*x7))+((x1+x3)+(x6+x9))))))",0.4048107977261115,0.4308555394414677
"GP-GOMEA",100000,10.915447235107422,"1028_SWD",11,True,"2.8571930201976934 + (0.14534235601598056 * (((x6-((x7+x9)/(x1*x7)))-(((x8-x4)+(x1/x2))-(x2+(x9*x8))))))",0.3886863654170677,0.4535182790705128
"GP-GOMEA",100000,20.470491647720337,"1193_BNG_lowbwt",2,True,"-1144.9961286883715 + (6.910389787088372 * (((((x0+-188.223000)*sin(x0))-(x5*x0))+(((x7-x4)*(x4+x1))+(x3+(x3+625.636000))))))",0.5552814832028843,0.5723777071198435
"GP-GOMEA",100000,20.709532976150513,"1193_BNG_lowbwt",5,True,"3133.7301455443676 + (1.0449186477550316 * (((((x2/-1016.177000)+(x1+x2))*((x3*x7)-x4))-((sin(x0)*(1188.117000-x6))+x0))))",0.569777409120072,0.551404715388836
"GP-GOMEA",100000,21.08259630203247,"1193_BNG_lowbwt",3,True,"3007.2352413301346 + (1.9600551178225287 * (((x8+((-546.228000*x0)+x8))+(((x7*x2)-x4)+((x3-x4)*x1)))))",0.5571354710862415,0.5764676814539729
"GP-GOMEA",100000,20.80213761329651,"1193_BNG_lowbwt",10,True,"3063.9985470193033 + (1068.0803017733253 * (((((x3/x1)*(x3-x5))*(sin(x8)+(x7-x4)))-(x0+(sin(x7)-x7)))))",0.5746591693194029,0.5286872371920426
"GP-GOMEA",100000,21.996562480926514,"1193_BNG_lowbwt",0,True,"3073.7214598670344 + (0.9429304060335933 * (((((x3*x1)+x2)+((x7-x4)*(x4+x2)))+(((x0*-1195.634000)-(x6-x6))-x4))))",0.5671656721090745,0.5418559205292834
"GP-GOMEA",100000,21.973405122756958,"1193_BNG_lowbwt",1,True,"6815.4209321773305 + (1227.2958806236331 * (((((x3-x1)-(x1+x1))/((x7*x7)-(x4-x1)))-sin((-1170.961000*sin(x0))))))",0.563085077959962,0.5658408138653767
"GP-GOMEA",100000,21.642056941986084,"1193_BNG_lowbwt",4,True,"4639.931970060383 + (1.3145469518858135 * (((((x2*x7)+(-406.743000+-693.161000))+x7)-(x0-((x0*-823.051000)-(x4*x2))))))",0.5487484637236492,0.5919785892698979
"GP-GOMEA",100000,21.48991107940674,"1193_BNG_lowbwt",7,True,"3169.564883367656 + (-31.11152139749056 * (((((x3+x7)+x3)*((x0-x7)+(x4-x0)))-(sin((x7-x4))-((35.466000*x0)-x8)))))",0.5646184804612276,0.552005467417302
"GP-GOMEA",100000,20.16635823249817,"1193_BNG_lowbwt",16,True,"13242.356212408291 + (-207.3023880734413 * ((sin(((x4*x3)*x4))+(((x0+49.037000)-(x3*x7))+((x0+x0)*(x0+x0))))))",0.5678819265919259,0.5353144398722451
"GP-GOMEA",100000,21.933879613876343,"1193_BNG_lowbwt",8,True,"3212.9257698432643 + (2073.924761661191 * (((((x7-x4)/(x1-x3))*(x3-(x3-x3)))-sin(((x7--220.210000)*(x0+x0))))))",0.5648506998465839,0.560392996012292
"GP-GOMEA",100000,23.11642599105835,"1193_BNG_lowbwt",6,True,"3232.636887082137 + (-0.9514753670827921 * ((x2*((sin(x5)-(x7-x4))-((x0*-1159.193000)/x2)))))",0.5565298494359743,0.568993217532296
"GP-GOMEA",100000,22.878448009490967,"1193_BNG_lowbwt",9,True,"3896.6980943643853 + (1.103008928613197 * ((((x7+(x7-x0))+((x8-624.394000)+(-1011.729000*x0)))+(((x8+x2)-(x3*x6))*((x7-x4)+(x6/-249.745000))))))",0.5672531177402308,0.5337921484600787
"GP-GOMEA",100000,21.733946800231934,"1193_BNG_lowbwt",15,True,"3172.067936331329 + (1077.3268809678511 * (((((x2-x1)/(952.642000+x8))*((x3*x7)-x4))-x0)))",0.5683722740745483,0.5586957075501204
"GP-GOMEA",100000,20.772329807281494,"1193_BNG_lowbwt",22,True,"3146.7311090318335 + (-1075.3569177075717 * ((x0-((x3/(-28.098000-x4))*((x4-x3)*(x7+x7))))))",0.5536883679007699,0.5803881322828981
"GP-GOMEA",100000,21.899295568466187,"1193_BNG_lowbwt",14,True,"3087.5076116621412 + (1.9402316180915256 * (((x0*-562.599000)-(((x5*x0)+(x4*x1))-((x2*x7)-sin(x7))))))",0.5620398461019835,0.541562146853368
"GP-GOMEA",100000,21.7811017036438,"1193_BNG_lowbwt",17,True,"3714.832139698966 + (-2227.634042030727 * (((((x4-x3)-(x0+x7))/((x4+x5)+(x1+x5)))-sin(sin((1011.314000-x0))))))",0.5618601037077801,0.5533449107121334
"GP-GOMEA",100000,21.941118478775024,"1193_BNG_lowbwt",18,True,"3044.507010981334 + (-1.0028326508334207 * (((((x1-x2)-(x7*x2))+(x5+(x0*1107.313000)))-(((x1*x3)-(x5-x8))-((x4*x2)-(x3*x1))))))",0.5724053780554754,0.5385685887504494
"GP-GOMEA",100000,24.317785263061523,"1193_BNG_lowbwt",11,True,"3073.8885557418225 + (1069.0924629438882 * ((sin(((x3*x3)/x1))-(x0+((x7-x4)/(-772.158000/x2))))))",0.5620781920315698,0.5853773080647787
"GP-GOMEA",100000,21.357588291168213,"1193_BNG_lowbwt",24,True,"2529.5291665235263 + (0.9713355003401781 * (((((x1*x3)*(x3-x4))+((x7*x2)-(x4*95.342000)))-(((908.838000--331.753000)/(x2-x5))-((x0*-1145.748000)+(1195.225000+-523.942000))))))",0.5616548500293957,0.5748543271382971
"GP-GOMEA",100000,0.9074993133544922,"192_vineyard",0,True,"0.9881599691859339 + (29.363987733685537 * ((((x1-(-9.831000*x0))+sin((x1*x0)))/(sin((x0*x0))+((37.073000-4.583000)+(x1*x0))))))",0.8325874997703032,-0.06632940029342671
"GP-GOMEA",100000,24.274179697036743,"1193_BNG_lowbwt",12,True,"3062.059050438893 + (0.9612150067141186 * (((((x2+x7)+(x1*x3))-((x4-x7)*x2))+((x0*(x4+-1142.097000))+x7))))",0.5629929352266658,0.5584788373551008
"GP-GOMEA",100000,24.245996236801147,"1193_BNG_lowbwt",13,True,"2040.7388758349437 + (1.494890338278501 * (((((x5+x0)+x8)-((588.497000+253.872000)*sin(x0)))+(((x7-x4)*(x2+x3))+((x3*x1)-(x0-725.562000))))))",0.568682212534306,0.5505247930474433
"GP-GOMEA",100000,22.515301942825317,"1193_BNG_lowbwt",23,True,"3019.7129971378763 + (0.9791073486580797 * (((((x3-x0)*(x7+x2))+((x0*-958.748000)+sin(x8)))+(((x0-x2)-x4)*(sin(x4)-x7)))))",0.563607912704915,0.5668436979759648
"GP-GOMEA",100000,1.3397235870361328,"192_vineyard",1,True,"14.93429613763431 + (0.0092371355790857 * (((((-47.789000+x1)-(-44.965000*x0))/((-56.785000--21.331000)*(x0+0.467000)))*((sin(x1)+(x1-20.360000))*(28.704000-(-7.917000*x0))))))",0.8329765661205653,0.430076802976218
"GP-GOMEA",100000,1.3693745136260986,"192_vineyard",2,True,"25.060106165364676 + (-1.2203588114651451 * ((sin((sin(62.884000)+(x1-x0)))+(((-25.307000+-65.474000)-(-8.203000*x0))/((x0-x1)+(-2.442000-x0))))))",0.7927054551224061,0.6550883520990126
"GP-GOMEA",100000,1.2128448486328125,"192_vineyard",3,True,"2.5584835108728043 + (1.0291524234572877 * ((((x0-(44.679000/x1))--16.919000)+sin(((-6.684000*x0)*sin(x0))))))",0.7812732946460936,0.43727534166778326
"GP-GOMEA",100000,0.9817261695861816,"192_vineyard",5,True,"21.5522011064064 + (1.4703721021663785 * (((((x0+-39.731000)+(x1/x1))/((x0+2.412000)+(x0*x1)))+(sin((33.033000*x0))-((x0/-5.791000)+(x0/x0))))))",0.6454859774601975,0.4262174499703484
"GP-GOMEA",100000,22.881961345672607,"1193_BNG_lowbwt",25,True,"-72911.68477944208 + (104.05993060843592 * (((730.648000+((-11.261000*x0)+sin(x0)))-(((x4-x7)+sin(x4))-x3))))",0.5659248367627079,0.5595007175968043
"GP-GOMEA",100000,23.630147457122803,"1193_BNG_lowbwt",20,True,"1915.3578498827023 + (-1.0076345553871042 * (((((x0*1011.132000)-(x3*x2))-((x8+x2)*(x7-x4)))+(-1112.434000-((x7-x4)*(201.873000*x4))))))",0.5652650194732254,0.5593252068046268
"GP-GOMEA",100000,1.2464346885681152,"192_vineyard",4,True,"23.62130488493347 + (4.428616603146688 * (((((x1/-41.008000)*x0)-54.265000)/((x0*(x0+x1))+(x0+(x1+8.817000))))))",0.7970387186561847,0.48701469476083925
"GP-GOMEA",100000,1.2699620723724365,"192_vineyard",6,True,"61.229536437293866 + (-3.168273779401266e-05 * (((sin(-45.624000)*((-28.345000*x1)-(-50.829000*-53.967000)))*(((40.733000-x1)/(-4.352000-x0))*((-11.531000*6.466000)-(x1*x0))))))",0.8328257338879986,0.14441491970723386
"GP-GOMEA",100000,24.44328546524048,"1193_BNG_lowbwt",19,True,"3135.002761591661 + (-8.931010281380713 * (((((x4*x1)-(x3*x3))-((x3-x6)-(118.330000*x0)))-(x7*x1))))",0.5552366871421712,0.5736064996522241
"GP-GOMEA",100000,24.268814086914062,"1193_BNG_lowbwt",21,True,"3097.6380670081776 + (1.8065450320916725 * (((((x4+x0)/(x1/x2))-x5)+(((x0*-588.319000)+(x3*x1))+((x7-x4)*(x2+x3))))))",0.5666824384402422,0.5507564011682404
"GP-GOMEA",100000,0.9920401573181152,"192_vineyard",10,True,"32.05952547187371 + (-287.0129373773825 * ((x1/(((x0+x1)*(6.924000+x1))-sin((x1*x1))))))",0.8486904226317571,0.40247278280775844
"GP-GOMEA",100000,23.814208507537842,"1193_BNG_lowbwt",26,True,"2005.5407935695791 + (1.4719862082781094 * (((((x7-x4)*(x0+x2))-(x5-(x2+704.482000)))*(sin(880.933000)-sin(x0)))))",0.5561719873340984,0.5809874633272629
"GP-GOMEA",100000,1.0184893608093262,"192_vineyard",11,True,"-4.507113766190972 + (0.05457794611207537 * ((((sin(x0)*sin(x1))-(x1/(-40.531000*x1)))-(((x1+x0)+(x1-57.223000))*((x0+x1)-(x0/x1))))))",0.7984230217538678,0.5485110537193145
"GP-GOMEA",100000,1.2173385620117188,"192_vineyard",7,True,"16.87915313988471 + (0.9680376729481684 * (((sin((-14.820000+x1))-((42.454000/x0)/(x1+x1)))-(sin((x1/x0))-x0))))",nan,nan
"GP-GOMEA",100000,1.3574507236480713,"192_vineyard",9,True,"10.72930730130061 + (4259.608894741058 * (((((8.858000-x1)-(x1*x0))/((-41.852000-x1)-(x1*20.302000)))/((sin(x1)+(x1*x0))-((-40.210000/17.650000)+(-26.432000-x0))))))",0.7627145667601364,0.7928879818990151
"GP-GOMEA",100000,1.2559103965759277,"192_vineyard",12,True,"19.829600823992028 + (-0.5481056331286167 * (((((x0+34.371000)-(x1+x1))/(x0+sin(-36.536000)))-(sin((x0-x1))+x0))))",0.7871916024826954,0.7089117456296598
"GP-GOMEA",100000,22.129042148590088,"1199_BNG_echoMonths",9,True,"31.29860935921154 + (-0.05172411797660401 * (((((x2*x1)-x3)+x5)+(((x0*131.082000)+(x8+x4))*(sin(x7)+(x8+x7))))))",0.43414314075158156,0.42504040118141984
"GP-GOMEA",100000,1.5600547790527344,"192_vineyard",8,True,"24.766860340517045 + (-1.2028089589237354 * ((sin(((x0*35.093000)/sin(x1)))+(((x1+-38.243000)*(20.232000+x0))/((x0*-33.929000)-(35.793000+x1))))))",0.8079966241489381,0.5670016891090897
"GP-GOMEA",100000,1.3128199577331543,"192_vineyard",13,True,"-19.577456076762243 + (-13.371749252205394 * (((((x1*16.066000)+(53.015000/x1))+(48.792000-(x0*-38.005000)))/(((x0-64.998000)-(x1+x1))-((x1*x0)-sin(x1))))))",0.7954015352476477,0.34078488605339075
"GP-GOMEA",100000,22.189794301986694,"1199_BNG_echoMonths",10,True,"37.13012799876211 + (-0.10199213467772893 * (((x1*(x3*sin(x2)))-(((x0-x4)-(x1-x8))+((-176.469000*x0)-(x1*x8))))))",0.4423533834686102,0.40892077691758
"GP-GOMEA",100000,22.999784231185913,"1199_BNG_echoMonths",3,True,"32.4343265786772 + (-0.19688623515533785 * (((((x8+x7)*(25.782000*x0))-((x7-x7)-(x4+x5)))-((sin(x4)*x3)-(x1*sin(x0))))))",0.4317489935088893,0.4392542381973421
"GP-GOMEA",100000,0.9566550254821777,"192_vineyard",15,True,"29.986124642729543 + (1.420398986523985 * (((sin((x1+16.066000))-(54.064000/-11.032000))+(((-43.387000+27.741000)*(x1--1.719000))/((x1+x0)-(x1/-14.143000))))))",0.7893826444548329,-0.3895195044644113
"GP-GOMEA",100000,24.42791223526001,"1193_BNG_lowbwt",27,True,"3178.900126860417 + (1.0384050040785748 * ((((x7-sin(x4))*((x3*x2)+sin(x2)))-(((x0*x2)+(x6/x1))+((x0*906.228000)-(x3-x5))))))",0.5665080607243167,0.5674899929696655
"GP-GOMEA",100000,1.2869133949279785,"192_vineyard",14,True,"22.154232515222276 + (-0.8295422964361017 * (((sin(x0)-sin((x0-x1)))+(((x0*x0)+-59.546000)/(sin(x0)-(x0+x1))))))",0.7506916663254246,0.5522950617675573
"GP-GOMEA",100000,22.774040937423706,"1199_BNG_echoMonths",8,True,"42.72157926184414 + (0.09271403074757341 * (((((215.979000-x0)+(x4+x5))*(sin(-260.133000)-sin(x0)))+(((x7-x4)-(x1*x8))-sin((x3/x3))))))",0.4322890916632197,0.4220656548341113
"GP-GOMEA",100000,24.534038543701172,"1193_BNG_lowbwt",28,True,"3095.2962754672612 + (0.9369344281684079 * ((x0+(((x7*x2)-(1137.792000*x0))+((-66.914000+-85.751000)*(x4-x7))))))",0.564227104973394,0.5536207573148556
"GP-GOMEA",100000,0.9896235466003418,"192_vineyard",17,True,"20.26341126285563 + (0.022609184535692495 * (((((x1+-16.419000)*(x1-x0))+sin(22.162000))/((sin(x0)-(x0+x1))/((x0*14.403000)-54.220000)))))",0.7946239640308287,0.5538759967107274
"GP-GOMEA",100000,0.9877302646636963,"192_vineyard",18,True,"20.146733391138035 + (-1.9583633475274274 * (((((x1+-21.932000)-(x0/10.518000))+x0)*(((-6.230000*x0)/(x1*-8.484000))-((x1+-25.602000)/(-46.489000-x1))))))",0.7979468795175195,0.6251427736468618
"GP-GOMEA",100000,23.907793283462524,"1199_BNG_echoMonths",2,True,"34.91390933634925 + (-0.07497792682473527 * (((((x1/x7)*(x7-x0))+((x1*x8)+x4))-(((x8+x5)*sin(x0))/sin((x5/-312.080000))))))",0.4303495770867335,0.43184782709354164
"GP-GOMEA",100000,1.1015546321868896,"192_vineyard",19,True,"18.785539449477557 + (0.009426138314457285 * (((((x0-24.782000)/(-5.223000-x0))*((x0*-0.261000)+sin(7.088000)))*(((x1-17.657000)*(29.842000-x0))-((x0--52.439000)-x1)))))",0.789096365131858,0.6476195585883238
"GP-GOMEA",100000,1.3720605373382568,"192_vineyard",16,True,"10.112551717168818 + (198.19839174421384 * (((x0-((x1-66.317000)/(-21.120000*x1)))/((sin(-54.437000)*(x0-x0))+((3.730000+28.083000)+(x1*x0))))))",0.8251936735875077,0.434476110852548
"GP-GOMEA",100000,0.990027666091919,"192_vineyard",21,True,"40.102297488445835 + (-0.45008589655434555 * (((((-37.836000+x1)-(49.300000*66.206000))/((x0/42.680000)+sin(61.763000)))/(((17.784000+x1)-(-22.428000-x1))+((x0*19.236000)-(x1*x0))))))",0.791867583725608,0.6664589091188364
"GP-GOMEA",100000,1.217721700668335,"192_vineyard",20,True,"11.083493493338223 + (-0.0029473045026508038 * (((((-31.192000+x1)*(x0-49.761000))-((36.760000*10.080000)+(x1+x1)))*(((x0*17.668000)+(-55.784000/x1))/(sin(-8.069000)+(-6.434000-x0))))))",0.7920910137237039,0.44138827114708656
"GP-GOMEA",100000,1.0295825004577637,"192_vineyard",22,True,"-2.208545506902758 + (-136.24472171518082 * (((((x0/18.865000)*(-28.501000-34.364000))+(x1*-0.728000))/(((41.250000-x0)+(x0*x1))/sin(sin(69.883000))))))",0.8281393012029581,0.0007233154578361045
"GP-GOMEA",100000,22.66410803794861,"1199_BNG_echoMonths",12,True,"88.29958988582847 + (22.888662822107165 * ((((sin(339.106000)*(x8*x8))-(sin(x0)+(x1/284.482000)))-((sin(x1)-(222.615000+434.959000))/((x4-292.253000)+sin(-293.283000))))))",0.43876461035552483,0.40522152585222304
"GP-GOMEA",100000,24.473872184753418,"1199_BNG_echoMonths",1,True,"39.913097840485385 + (0.14354701526495534 * (((((x0*-115.206000)-(x4+x8))+((x8/x7)-x1))+(sin((x5-x6))-(52.999000*x8)))))",0.4242097939184323,0.4610612085010226
"GP-GOMEA",100000,1.0763053894042969,"192_vineyard",25,True,"23.197423520436782 + (152.22185833925363 * (((((x1+x0)+(-42.631000/25.085000))/((x1/x1)*(x1+x0)))/(((x0-x0)-x1)+((x0*16.814000)*(x1/-22.659000))))))",0.7734297955126436,0.6401993065899885
"GP-GOMEA",100000,1.0605943202972412,"192_vineyard",26,True,"25.456179218773862 + (-25.7227618476277 * (sin((((x0+18.701000)+sin(x1))/((x1--17.264000)-(-19.235000*x0))))))",0.8058067144552912,0.6160977243383625
"GP-GOMEA",100000,1.0843563079833984,"192_vineyard",27,True,"18.66152734565635 + (-7.285393321579166 * (((((x1+-14.737000)-(69.596000/27.424000))+((x0*x0)+sin(x0)))/((sin(x1)-(x1*x0))-((17.714000-10.268000)-(x0+x0))))))",0.8254793914245275,0.45987816884927923
"GP-GOMEA",100000,1.0505261421203613,"192_vineyard",29,True,"22.62425568690852 + (-195.95198408177677 * ((sin((52.253000-sin(x0)))/((sin(x0)-(55.017000+-61.556000))+(x1+(x0*x1))))))",0.7995692559283694,0.6598871409515642
"GP-GOMEA",100000,1.1352849006652832,"192_vineyard",28,True,"-21.650335227408778 + (0.976157600956152 * ((sin((x0*sin(x1)))+((x0*(x1/x1))-((45.749000/x1)-42.852000)))))",0.8207336614788826,0.39721608668278385
"GP-GOMEA",100000,1.6057870388031006,"192_vineyard",24,True,"23.198069910087753 + (1.6043297294012278 * ((sin(((x0*x1)*12.732000))-((47.320000+(67.950000+-21.483000))/((x1*x0)+7.567000)))))",0.7726347600840905,0.7104256408467903
"GP-GOMEA",100000,1.634404182434082,"192_vineyard",23,True,"10.912648967280958 + (1.9876320983336995 * ((x0-sin((sin(x0)+(x0-29.939000))))))",0.7845608378091364,0.45522315198021623
"GP-GOMEA",100000,1.5274124145507812,"210_cloud",0,True,"-0.4885219975963593 + (0.06100623973601824 * (((x2+x2)+(((x3*x2)-(-7.481000*x3))+((x2*x1)+(x2--9.468000))))))",0.9381665761530283,0.639281878322285
"GP-GOMEA",100000,24.390696048736572,"1199_BNG_echoMonths",5,True,"26.643339985353514 + (-0.26509461829644493 * (((((x4+x2)+(x1*x0))+((x8*25.414000)-x5))-(((x0/x3)/(x7*x6))-((x2-23.420000)+(x7*x5))))))",0.4347168647625438,0.44138575016191184
"GP-GOMEA",100000,1.4922800064086914,"210_cloud",1,True,"20.648665950893623 + (0.02316330291822399 * (((((x2+-41.578000)*21.319000)+x0)+((sin(x4)-(-11.669000+x4))*((x4-x4)+(x3*x3))))))",0.9008799584760024,0.7480567980991576
"GP-GOMEA",100000,1.4298036098480225,"210_cloud",4,True,"0.9780526368744568 + (-0.045639657171511604 * ((((sin(x4)-(x4+28.473000))/sin(sin(29.949000)))+(((x3+x2)*(-15.027000+5.971000))-((x1+11.147000)+(x3*x4))))))",0.9387224755235563,0.568335567123885
"GP-GOMEA",100000,1.6029703617095947,"210_cloud",3,True,"92.25134380090188 + (0.39549413948442924 * (((((x3*x3)/43.105000)*((x4--24.424000)/(x0+x4)))+(x3-((-8.891000-x2)+(-6.751000*-35.878000))))))",0.89379539860179,0.9104676770293154
"GP-GOMEA",100000,24.68222427368164,"1199_BNG_echoMonths",7,True,"74.64374560428544 + (-0.2711141302159753 * (((((x7+x4)+(x1*x0))+(x7-(-152.360000-x2)))-(((x7*x8)/(x7/-20.724000))-x7))))",0.43468936140090064,0.42956488122808034
"GP-GOMEA",100000,1.4930598735809326,"210_cloud",8,True,"-0.16132701854160872 + (-0.0010840314256095366 * ((((x3-(-13.063000-x3))+sin((x0*x1)))*((-20.553000+sin(x4))*(sin(26.756000)+(x2+x3))))))",0.9450392108371957,0.581932223897678
"GP-GOMEA",100000,1.795318603515625,"210_cloud",5,True,"-1.74920887730091 + (0.0042312582950706805 * (((((x4--44.803000)+(x3*x1))*((9.926000+x3)+(x2+x2)))-(((14.973000-x3)-(x2/x4))-((x1+x2)/sin(x3))))))",0.9324580191416512,0.8221205583567828
"GP-GOMEA",100000,1.798870325088501,"210_cloud",7,True,"0.23825198048719784 + (0.06947701717123007 * (((((x3*x4)+(x0+x3))+sin(sin(x0)))-(((-11.720000-x0)*(x2*x3))/(x4+x0)))))",0.9361835427684421,-0.7628619540150343
"GP-GOMEA",100000,26.423462867736816,"1193_BNG_lowbwt",29,True,"3154.7245333221567 + (138.92037564331568 * (((((x3*x7)+(x3/-790.228000))-(9.239000*sin(x0)))+((sin(x6)*x4)-x4))))",0.5635272413362936,0.5684581553831216
"GP-GOMEA",100000,1.620143175125122,"210_cloud",11,True,"0.2977111031954054 + (0.5265219024428852 * ((((sin(x4)-(x3*-11.059000))-((x4-x0)+(-28.900000*x2)))/(((x1+x0)+(-5.345000/13.203000))+((33.775000/x3)+(x4+x4))))))",0.9129745614012714,0.7453380178870083
"GP-GOMEA",100000,2.032451629638672,"210_cloud",6,True,"0.16588973533231186 + (0.057470355207351186 * (((((x2*x2)-(x1-x4))+((10.079000*x3)+(x1*x2)))-(x2/(x4-(2.828000/x3))))))",0.9150890870996187,0.7731263946901383
"GP-GOMEA",100000,1.8341314792633057,"210_cloud",10,True,"-0.03493563216562318 + (0.0007404851253972397 * (((sin((x1-43.257000))*((-43.132000/x3)*(x4*x2)))-((sin(x2)+(-24.719000*26.726000))*(x2+x3)))))",0.9374658309430607,0.7787869256274907
"GP-GOMEA",100000,2.2819676399230957,"210_cloud",2,True,"0.1028155712846621 + (0.0004579012327751163 * (((((x2-x1)-(x0-x2))*(x3/sin(x3)))-((x3+(x2+x3))*((x2--12.553000)*(x3-42.401000))))))",0.9393825144471061,0.8942396179057266
"GP-GOMEA",100000,24.957059621810913,"1199_BNG_echoMonths",11,True,"-16.851244439843885 + (0.1666183745599282 * (((((x0*-109.146000)+sin(x7))-((x7-352.564000)+(x1+x4)))-(((x8+x7)-(x8*-31.787000))-sin(sin(x7))))))",0.4423247493996041,0.40843018007067744
"GP-GOMEA",100000,1.8114852905273438,"210_cloud",12,True,"0.04586186298519336 + (15.564445418269301 * (((((x3+x2)-sin(-18.748000))*((x4*x3)/(x3*x3)))/(((x0+37.604000)*(x4/x3))-((x3+x2)+sin(x2))))))",0.9250130343403874,0.8275974411012781
"GP-GOMEA",100000,2.197985887527466,"210_cloud",9,True,"0.10194666395742782 + (0.16782100697323762 * (((((x2-x3)*(x0+x4))/(sin(x3)*(-14.534000*x3)))+(((x3+x2)+(x2+x3))+((x2+x0)-sin(x3))))))",0.8901843285224453,0.9644976460996763
"GP-GOMEA",100000,1.866457462310791,"210_cloud",14,True,"0.17736254458771297 + (0.35045428462683753 * ((x3+(((x3+x4)*x2)/(sin(x3)+x4)))))",0.915342097102322,0.6845006039501695
"GP-GOMEA",100000,1.9007234573364258,"210_cloud",15,True,"-0.022309290822792177 + (-0.006073450543225485 * ((((x3+(x2+x3))-((x3*x0)-(x3+x2)))*(((x4-x3)-x3)-((x3+x2)-(x4-33.223000))))))",0.898853412878127,0.8265795636030154
"GP-GOMEA",100000,24.292017936706543,"1199_BNG_echoMonths",13,True,"42.839772856265306 + (-0.04188902280585067 * (((((x5*x4)+(x7*x1))+178.657000)+(((-223.265000+425.876000)-sin(x4))*(sin(x8)+(x0+x0))))))",0.445588053169511,0.4075763495833442
"GP-GOMEA",100000,1.9820082187652588,"210_cloud",13,True,"0.48389988818620505 + (0.13333707411984064 * (((x4/(sin(x3)*(18.052000+x3)))+(((x2+x2)/sin(-29.603000))*x3))))",0.8967167229097199,0.5459678937911083
"GP-GOMEA",100000,1.9279744625091553,"210_cloud",16,True,"1.3164236155589106 + (0.11318553015008201 * ((((x3+(x3+x2))+((x3*x2)+sin(x4)))+(((x3+x2)+(x0+-11.488000))+sin((x3-x0))))))",0.9172028668682523,0.766454618897759
"GP-GOMEA",100000,1.8932278156280518,"210_cloud",17,True,"6.842497092734381 + (0.3777071507285786 * (((((x3*x2)/(x0+x4))+(x2-(x4-x4)))+(-18.195000+(x3*(x3/x3))))))",0.8996453930884485,0.8161722926239581
"GP-GOMEA",100000,1.5087134838104248,"210_cloud",20,True,"-0.1127390092511522 + (0.48853431072645975 * (((((-43.112000+33.139000)/(39.329000+x4))/(sin(x3)*-38.940000))+(x2+x3))))",0.925356216831164,0.8193537056243909
"GP-GOMEA",100000,27.208894729614258,"1199_BNG_echoMonths",0,True,"38.03800746442361 + (-0.11112315055524566 * (((((x0+x0)*76.120000)-x8)+(((x1*x8)-(x6/106.727000))+((x4*x7)+x1)))))",0.4324527774761602,0.44415482568774034
"GP-GOMEA",100000,2.0860984325408936,"210_cloud",18,True,"0.45284309377764503 + (0.008257196112204712 * (((sin((-30.044000*x2))/sin(sin(x3)))+(((x2--26.185000)*(x3*x2))-(sin(x1)-(x2*15.740000))))))",0.8683602641024383,0.28882096656416534
"GP-GOMEA",100000,2.091938018798828,"210_cloud",19,True,"-5.822035648800472 + (-0.14238801830598766 * ((((sin(-38.134000)-(x3/x4))*((x3+x3)+x4))-((x2-(-5.450000-x2))-((x3/x4)+(-35.313000-x2))))))",0.9089052251327804,0.6301177298137437
"GP-GOMEA",100000,26.25770115852356,"1199_BNG_echoMonths",6,True,"50.46811134516021 + (8.1877831784977 * (((((x1+x1)-(-390.588000-x1))/((x5+-256.544000)+(x4+x4)))-((x0+(x0+x8))+((x2*x3)*x2)))))",0.4467621223464512,0.40341071102641946
"GP-GOMEA",100000,1.872788429260254,"210_cloud",22,True,"0.006332782323520517 + (0.0005840635360735252 * (((((x3+x2)*(x3+24.490000))-((x3+x0)+sin(x1)))*(((x0+x1)+27.581000)-sin((x1+x0))))))",0.9383963664409825,0.6499819804990933
"GP-GOMEA",100000,1.8651466369628906,"210_cloud",23,True,"0.29124126184285637 + (-0.17569765528076947 * (((x0-((x2+x2)+(x3*x3)))-(x3/((x4+x0)-(x2-x4))))))",0.9113585023093141,0.7977206047596681
"GP-GOMEA",100000,1.8185508251190186,"210_cloud",24,True,"0.12211394565455005 + (0.022516706657654026 * (((((x3/x4)/(x2/x2))*((x4*18.234000)-(x1+1.846000)))+(((x3*x2)*(27.627000/x4))+((x2*x4)-(x0-x4))))))",0.9152585578523331,0.7075421167238946
"GP-GOMEA",100000,26.75897789001465,"1199_BNG_echoMonths",4,True,"35.354444945733874 + (-0.0444788778016062 * (((((x0*x6)+(x1+x7))*((x7+x8)-(x0-x8)))+(((x4*x5)-(-416.406000*x0))-x8))))",0.42090907696451285,0.47298433198908196
"GP-GOMEA",100000,2.309976100921631,"210_cloud",21,True,"0.08032209303202396 + (-0.005869329165443831 * (((sin((-5.499000+x3))/sin(sin(x3)))+((x2+(x3+x3))*((-44.735000-x2)-x2)))))",0.9285138593286613,0.9464723521809041
"GP-GOMEA",100000,1.6791515350341797,"210_cloud",28,True,"-10.15851280059591 + (0.44634536459646273 * ((x3+((-22.486000-(-45.124000-x2))+((x3-x0)/(x1+x4))))))",0.911335228475016,0.7385317854854931
"GP-GOMEA",100000,1.9608666896820068,"210_cloud",25,True,"0.7572277699882712 + (0.011101361942243062 * (((((x4+x2)*(5.888000*x3))-((-29.598000*x2)+(11.095000+29.226000)))-(sin((-8.014000/x3))/sin(x3)))))",0.9249165360303918,0.8107301583445226
"GP-GOMEA",100000,1.909954309463501,"210_cloud",26,True,"0.09361178749414127 + (-0.015039299194758248 * ((((sin(x2)-(x1+23.392000))+(sin(x0)-(x3+x3)))*(x3+(x2+(x0-x0))))))",0.9433698504596544,0.6038285837741746
"GP-GOMEA",100000,1.8139963150024414,"210_cloud",27,True,"20.288431104064628 + (-0.4935508500400578 * (((((x4+x4)/28.563000)-(-41.219000+(x2+x3)))-((sin(x2)/(34.640000+x2))/(sin(x3)*(x4+x3))))))",0.9185671371928639,0.9289199271799132
"GP-GOMEA",100000,1.9950809478759766,"210_cloud",29,True,"0.3906454311680615 + (-0.12476157222361775 * (((sin((x3-x4))-((x1--22.044000)*(x2*x3)))/(((x4+x2)-(x3+-30.416000))-((26.957000-x1)/(x4/x4))))))",0.9152615537068465,0.3251046305920646
"GP-GOMEA",100000,4.0548529624938965,"522_pm10",2,True,"1.1097988308562563 + (0.33851657053436895 * ((sin((sin(x3)+(x3+702.077000)))-(((x2+x0)*(x2/x6))-x0))))",0.23693084848890744,0.24590548899691023
"GP-GOMEA",100000,4.107752799987793,"522_pm10",7,True,"1.7341764250938996 + (0.00045054631285117093 * (((sin((x0-x3))*((x1-x4)-(x5+x6)))+((sin(x2)*(x6+x0))+((-2077.782000--2147.640000)*(x0*x0))))))",0.18733110864421432,0.23769727430874754
"GP-GOMEA",100000,4.325629234313965,"522_pm10",4,True,"3.648818731377336 + (-8.53892466000385 * (sin((sin((x3--308.838000))/((x3+x0)*(x0/x2))))))",0.20733045765649516,0.19219546995948245
"GP-GOMEA",100000,4.542800664901733,"522_pm10",0,True,"1.296030768700272 + (0.29422751108601664 * (((sin((-1064.235000+x3))+x0)+sin(x2))))",0.21985632775592712,0.17828871883963848
"GP-GOMEA",100000,4.166240930557251,"522_pm10",9,True,"1522.0267754450936 + (0.3097210744037303 * ((((sin(x2)+(x2+-2965.712000))-((x2+2007.392000)-63.089000))+(x0+sin((x3+-868.914000))))))",0.23902753208108662,0.1698494494582069
"GP-GOMEA",100000,4.416718482971191,"522_pm10",10,True,"0.06938239420952153 + (0.476044156862793 * ((x0-sin(((x0-x3)+(x2/x5))))))",0.24639336922944788,0.07644951537423272
"GP-GOMEA",100000,3.9352991580963135,"522_pm10",14,True,"1.347071380821082 + (0.29260134606419996 * (((sin(x2)+x0)-sin(sin((-2392.852000+x3))))))",0.19522611801224998,0.2866628169255159
"GP-GOMEA",100000,4.676508665084839,"522_pm10",5,True,"1.1239786005010928 + (-0.3448621532091204 * ((sin((sin(2049.572000)+(x3+x3)))-(sin((x0-1189.706000))+x0))))",0.19591634661004154,0.16331535329863112
"GP-GOMEA",100000,3.812986135482788,"522_pm10",19,True,"-699.3193183310514 + (0.0002386223689114808 * ((((sin(x2)*(2413.168000/x2))+sin((x6+x5)))+(x6+((x0+2060.354000)*1423.751000)))))",0.2148217574983582,0.1601865445902103
"GP-GOMEA",100000,4.4302709102630615,"522_pm10",13,True,"0.612255219836775 + (0.39950097357643843 * ((((sin(x2)+x4)+((x0-x2)+(x2-x4)))-sin(((x3+2710.118000)-sin(x0))))))",0.26907983569124927,0.053646768743796924
"GP-GOMEA",100000,4.971115589141846,"522_pm10",3,True,"0.8283398863530016 + (0.3001139508646483 * (((x0+(sin(x2)+sin(874.697000)))-(sin((x1/x0))*(sin(x3)+sin(x2))))))",0.23566881781495852,0.1480408064624712
"GP-GOMEA",100000,4.592267036437988,"522_pm10",12,True,"1.9269460746482368 + (0.08798766869738511 * (((sin(sin(x3))*(x2*x3))+(x0+((x0-x2)-(x2-x0))))))",0.22397396855921692,0.13697026871951357
"GP-GOMEA",100000,4.032888889312744,"522_pm10",18,True,"1.450552134719977 + (0.15759528529010786 * ((((sin(x3)*x2)*sin(x3))-(((x5*x1)/(x2*x6))-(x0+(x0-x2))))))",0.2277283417814827,0.24259796491953156
"GP-GOMEA",100000,4.865039110183716,"522_pm10",6,True,"4.886956686709214 + (1.3202561628547591e-05 * (((((x1*x1)-(767.673000-x2))*(sin(x6)+(x0+1816.084000)))/(((x0/x2)+x0)+((x6-x0)/(x2+x6))))))",0.21341893808214152,0.18031321611496887
"GP-GOMEA",100000,4.857512950897217,"522_pm10",8,True,"2.231811103867864 + (-0.17623812958226323 * ((((sin(x5)+(x2-x3))*sin((2591.288000-x3)))-x0)))",0.2538691710692764,0.1319545701991337
"GP-GOMEA",100000,4.750367641448975,"522_pm10",11,True,"214.40861231410986 + (-0.2846861675088655 * (((sin((x4-x4))-((x0+-748.658000)+sin(x2)))-sin(((x3*-507.239000)+sin(601.001000))))))",0.2225810814110688,0.14193374124960856
"GP-GOMEA",100000,4.195005178451538,"522_pm10",17,True,"0.762917425795761 + (-0.3686743825945978 * ((((x2-(x6*x0))/x6)-(((x6/x2)/x6)-sin((-802.775000-x3))))))",0.2451122496086111,0.15996267319635782
"GP-GOMEA",100000,4.045438289642334,"522_pm10",20,True,"1.3187848398507862 + (0.30454961113330525 * ((x0-(sin((x3-1789.786000))-(sin(x2)-(x3/x0))))))",0.24024194691213385,0.09969057648951019
"GP-GOMEA",100000,3.8315343856811523,"522_pm10",25,True,"0.9130388253231112 + (0.1333581761511393 * (((sin((x3-x0))-(sin(x6)/x5))+(((x0+x0)-x2)+x0))))",0.22120447197303117,0.10392242446718758
"GP-GOMEA",100000,4.400883674621582,"522_pm10",16,True,"1.1735677422025563 + (0.11350750650939967 * (((sin((x6-x5))*sin((x0/x2)))+(((x1*x1)/(x6/x2))-((x2-x0)-(x0+x0))))))",0.2035680393911672,0.17941913479657845
"GP-GOMEA",100000,3.9445412158966064,"522_pm10",23,True,"-1.3436984488208568 + (-546.7322229565269 * (sin((((x0*x0)+(x3-x2))/((-1188.964000*x0)+(x0+2793.882000))))))",0.21004987894035954,0.12666897541838062
"GP-GOMEA",100000,4.1700193881988525,"522_pm10",24,True,"3.5820592870633656 + (0.1706675300002634 * ((((sin(x0)*x2)-x2)+((x5-(x2*x0))/((x0/x5)*(x3+x4))))))",0.2175017580497468,0.10844100253727529
"GP-GOMEA",100000,4.24970006942749,"522_pm10",21,True,"1.0657163240387642 + (-0.33464534026845855 * ((sin(((x3-237.387000)+x3))-x0)))",0.23004235295116926,0.09725119594439535
"GP-GOMEA",100000,6.066828727722168,"522_pm10",1,True,"0.030467540210097045 + (0.469296298213961 * (((x0+(sin(x2)/x2))-sin(((x0-x3)+sin(2362.949000))))))",0.23649707726693037,0.2741842801868164
"GP-GOMEA",100000,4.4848103523254395,"522_pm10",26,True,"-21.987934394625707 + (0.4489226917393751 * (((sin((x3-x0))-((x0/x6)-x0))+(((x0*50.461000)-(x2+x2))/((x0-x6)+x6)))))",0.24924737467212832,0.05604874968537654
"GP-GOMEA",100000,4.7661683559417725,"522_pm10",22,True,"-311.67930790889466 + (0.3561042333129979 * ((sin(((x1-472.817000)+(x3-x1)))+((x0--878.497000)-(x2/x0)))))",0.23566387625462448,0.10937456998361383
"GP-GOMEA",100000,4.605154991149902,"522_pm10",27,True,"1.0661401246707252 + (0.3352691547205732 * ((x0+sin(((576.670000-x3)-sin(x3))))))",0.21994727851826712,0.2195588969585155
"GP-GOMEA",100000,6.128732204437256,"522_pm10",15,True,"3.060802158702888 + (-0.08222667984981893 * (((x2+(sin(x0)*(x3-x0)))-(sin(sin(x3))*((x3+x3)+(x3*x2))))))",0.2547204770977868,0.0930937040215456
"GP-GOMEA",100000,3.8138086795806885,"522_pm10",29,True,"1.089056518199028 + (0.338548229561111 * (((sin((-1390.392000+x3))-((x5-x5)*x0))+(x0+sin(sin(x2))))))",0.25677793525817916,0.09983945497926439
"GP-GOMEA",100000,4.2114832401275635,"522_pm10",28,True,"0.9666368694150863 + (0.34341266817733523 * ((x0+((sin(x2)/(x2*x2))+sin((569.660000-x3))))))",0.22032365713772684,0.17548829223553053
"GP-GOMEA",100000,4.323249340057373,"557_analcatdata_apnea1",0,True,"186.81899381974972 + (7.985106440903104 * (((((x0+37.906000)*x1)-x1)/(((53.386000/61.703000)+(-31.654000--49.186000))-((8.112000*x0)-(x1+x1))))))",0.906785961694051,0.8153916476914447
"GP-GOMEA",100000,4.033561706542969,"557_analcatdata_apnea1",4,True,"258.4990048853332 + (8.523392659615672 * ((x1/(sin((x0+-65.689000))-sin(sin(x1))))))",0.8859285586494732,0.9121552570402851
"GP-GOMEA",100000,4.3332602977752686,"557_analcatdata_apnea1",2,True,"408.0749033999433 + (-30.3040275601595 * (((-34.672000-sin(sin(x1)))/(((-11.789000+x1)+(x1*x0))-sin(x0)))))",0.8920141186123526,0.861322977596806
"GP-GOMEA",100000,4.4773476123809814,"557_analcatdata_apnea1",1,True,"179.24458389184582 + (-14.12073375818751 * ((x1/sin(((x1+-8.524000)*(-36.242000-x0))))))",0.8820230709126201,0.8993468181063631
"GP-GOMEA",100000,4.254383325576782,"557_analcatdata_apnea1",3,True,"364.5226932054684 + (-1436.366159686463 * (((((x0-x0)+x0)-((x0-57.749000)/(-93.762000+x2)))/(((x2/x2)+(x0+x0))-((x1*x0)-1.729000)))))",0.7306366165897362,0.769840891382076
"GP-GOMEA",100000,4.416269540786743,"557_analcatdata_apnea1",5,True,"208.8909506464686 + (0.058857228660452995 * (((((-27.825000*-29.331000)+(-58.583000+x2))-(sin(x0)-(x0/x2)))/(sin((x1*43.111000))-(sin(60.395000)+sin(x0))))))",0.8981529952341913,0.8784495730015155
"GP-GOMEA",100000,4.3675055503845215,"557_analcatdata_apnea1",6,True,"319.9728382980644 + (1.3521287154138733 * ((((sin(x1)+(39.850000*x0))*(x1+sin(x0)))/sin(((-94.286000-x0)-sin(x1))))))",0.7911804966119316,-2.2601129034722423
"GP-GOMEA",100000,4.3637535572052,"557_analcatdata_apnea1",8,True,"219.19482758573344 + (1.1366386022835884 * ((((x0*(-28.387000*x1))-x1)/((x1*sin(x1))+(sin(30.957000)+(x0-x1))))))",0.8937545796628434,0.9028945490492006
"GP-GOMEA",100000,4.511439085006714,"557_analcatdata_apnea1",7,True,"182.27248420145386 + (1067.247848935775 * (((sin((x0+-23.237000))/((x0-x0)-(x1+x2)))*(((x2*x1)/-92.701000)*((14.391000*x0)/(-3.133000+x1))))))",0.4485141935239072,0.538605319086513
"GP-GOMEA",100000,4.255241394042969,"557_analcatdata_apnea1",15,True,"221.80552459627867 + (8540.941686568915 * ((x1/(((x0-x1)*(-25.821000*x2))-((x0*-44.610000)+(94.712000+37.187000))))))",0.8500783231738507,0.8610397498182601
"GP-GOMEA",100000,4.42754602432251,"557_analcatdata_apnea1",10,True,"205.3622190301477 + (-191.67674729928365 * ((sin(((x0/15.789000)*(x0*x1)))/((24.547000*(x0-x1))-sin((-19.004000-x0))))))",0.9138269839512916,0.8171943846213746
"GP-GOMEA",100000,4.358105659484863,"557_analcatdata_apnea1",12,True,"246.15984718545695 + (884.1180249977733 * ((((sin(x1)-(x2/x2))*sin((x1*70.683000)))/(sin((-37.606000+x1))-((x0-x1)*(x0-36.767000))))))",0.8928716731165812,0.9066719858097256
"GP-GOMEA",100000,4.273708820343018,"557_analcatdata_apnea1",16,True,"176.64952688301696 + (-165.86514011194174 * ((sin(((x0-20.145000)*(18.274000-x1)))/sin(((x1*x0)+(61.170000*88.600000))))))",0.8532458690026965,0.9497569049935296
"GP-GOMEA",100000,4.390669345855713,"557_analcatdata_apnea1",13,True,"388.5449049385298 + (-393.7969793736037 * (((x0+(-28.721000-sin(x2)))/(((x0*x1)*(x0+x0))+(-50.335000-x1)))))",0.8957150807303338,0.8808824881644742
"GP-GOMEA",100000,4.320790529251099,"557_analcatdata_apnea1",18,True,"335.4926484096525 + (-2.483517099152831 * (((((x1+x1)-(x0*-72.536000))+(-81.292000+(x0*x1)))/sin(((6.451000+x1)-(x0-x1))))))",0.8345573015002152,0.7150628390127389
"GP-GOMEA",100000,4.633728265762329,"557_analcatdata_apnea1",9,True,"236.92476847750515 + (-39.10500845291835 * (((sin((x0*36.166000))*(x0*(x1-15.715000)))/(((53.263000/18.411000)-x1)/sin((x0+-17.029000))))))",0.8706249372814758,0.7943556363868436
"GP-GOMEA",100000,4.688257217407227,"557_analcatdata_apnea1",14,True,"271.52995618892726 + (-312.6937244544815 * ((sin(((x1*x1)*sin(-83.741000)))/sin(((-69.931000*x0)-(x1+-80.868000))))))",0.8730901646173098,0.8661956364951974
"GP-GOMEA",100000,4.910218238830566,"557_analcatdata_apnea1",11,True,"472.9620496424891 + (-15.921167171297457 * ((sin(((58.041000+15.789000)*(x0*x1)))*(((-70.411000*x0)+(x2*4.693000))+((37.067000*x0)*(x1*x0))))))",0.8332518634898579,0.8657562767587801
"GP-GOMEA",100000,4.811796426773071,"557_analcatdata_apnea1",17,True,"509.6589297460396 + (-61.86979524875744 * ((x1/(((x2+x1)/(x0+x2))-((x0*-44.610000)/(-83.440000-48.506000))))))",0.7543921284415804,0.8375460178187322
"GP-GOMEA",100000,4.582636117935181,"557_analcatdata_apnea1",20,True,"194.24856457519448 + (-494.147968220117 * (((((x1/-30.665000)*sin(88.590000))*x1)/((sin(x0)-(x0-x1))+(-40.632000/(-70.046000*-4.277000))))))",0.8995857116006943,0.8649760908849327
"GP-GOMEA",100000,4.686154127120972,"557_analcatdata_apnea1",19,True,"199.47935476410007 + (-494.76742571024806 * (((sin(sin(-50.084000))/(sin(-43.359000)+(x0-x1)))/sin(((x0*x0)+(41.417000+x1))))))",0.8988323281204951,0.8830248888226027
"GP-GOMEA",100000,3.9055392742156982,"557_analcatdata_apnea1",24,True,"441.47692704200165 + (18.56727865181185 * (((((x0+x1)-(x1+-2.921000))/((x0*x1)-(11.291000+-2.298000)))-(x0*((x1+x0)-(x2-x2))))))",0.9030405862369886,0.8844903760390538
"GP-GOMEA",100000,4.575165271759033,"557_analcatdata_apnea1",21,True,"240.75471827388748 + (-35.35343222542057 * ((sin(((x1+22.267000)+sin(x0)))/((sin(46.627000)*(-7.899000+x1))-(-16.544000*sin(x0))))))",0.8784311251525934,0.9472365869718375
"GP-GOMEA",100000,4.615967512130737,"557_analcatdata_apnea1",22,True,"244.41447581859643 + (41.24407364258802 * ((sin((x0+(x0*44.719000)))/sin((34.980000+(x1*x0))))))",0.8958392075237468,0.8900736802732429
"GP-GOMEA",100000,4.716030597686768,"557_analcatdata_apnea1",23,True,"164.2164508919371 + (-17.18677437435876 * (((sin(x1)-((x0*x0)+(x1*x0)))/sin(((x1-x0)-(21.828000-x1))))))",0.8422544555341095,0.8262789583864235
"GP-GOMEA",100000,2.5788674354553223,"579_fri_c0_250_5",1,True,"-0.34669418752888914 + (0.36390291970488653 * (((((x3+x4)+sin(x3))+(x0+(x2*x2)))+x1)))",0.8204970489439236,0.6500505222825725
"GP-GOMEA",100000,2.2964682579040527,"579_fri_c0_250_5",4,True,"3.1673452911622553 + (0.32011922990148833 * (((((x0-x2)+(x1+-6.167000))-((x1-x3)-(x2-x4)))+(((x3-2.675000)+x1)+((x4+x4)-(x1*x1))))))",0.7709377181774137,0.5939290854692054
"GP-GOMEA",100000,2.7820794582366943,"579_fri_c0_250_5",0,True,"-3.3362457342713823 + (0.32951064088704013 * ((((sin(x3)+sin(x1))+x4)+((sin(x1)+(x2*x2))+(x3-(-8.990000-x0))))))",0.7847233728893108,0.7326761125911143
"GP-GOMEA",100000,2.4431252479553223,"579_fri_c0_250_5",3,True,"-0.34673403825113663 + (0.35811142590355044 * ((x0-(((x3*0.313000)-(x3+x1))-((x2*x2)+(x3+x4))))))",0.7941967962166254,0.7744396878962512
"GP-GOMEA",100000,2.710928201675415,"579_fri_c0_250_5",2,True,"0.014353518632586985 + (0.3130380189068179 * (((((x4-x1)+(x2*x2))-((x0-x3)-(x0-x4)))+(((x1+x3)+x1)+((x0+x4)-(x1*x1))))))",0.8131474620371958,0.7930350089838861
"GP-GOMEA",100000,4.882071495056152,"557_analcatdata_apnea1",25,True,"335.36333770200565 + (-964.5587730645524 * ((sin(((-3.869000-x0)*sin(x1)))/(sin((47.035000-x0))-((71.011000*78.950000)*(x0-x1))))))",0.8852555751855211,0.9157544510299482
"GP-GOMEA",100000,2.4246292114257812,"579_fri_c0_250_5",7,True,"0.02376020050141561 + (0.32305158256496147 * (((((x4-x2)+(x2*x2))-((x0-x3)-(x3-x4)))+(((x1+x2)+x0)+((x0+x4)-(x0*x0))))))",0.7848157316354427,0.8840362701804846
"GP-GOMEA",100000,2.5294888019561768,"579_fri_c0_250_5",10,True,"-0.2910590644880721 + (0.37431689597100704 * (((((x0+x1)+(x3+x4))-((x2*x2)*sin(5.379000)))+sin(sin(sin(x3))))))",0.7848425887254524,0.7944047126317939
"GP-GOMEA",100000,2.575988531112671,"579_fri_c0_250_5",8,True,"-1.0739996223899717 + (0.3210322618967822 * ((((4.067000-sin(1.106000))+((x3+x4)+(x2*x2)))+((x1+(x3+x0))+(sin(-7.230000)*(x1*x1))))))",0.8184788056891437,0.8072807677712373
"GP-GOMEA",100000,2.6525511741638184,"579_fri_c0_250_5",6,True,"-0.31648922605152746 + (0.31349362226325533 * (((((x3-x1)+(x2*x2))+x1)+(((x3+x0)+(x1+x4))+sin((x0+x1))))))",0.8621110504062187,0.7853291260297701
"GP-GOMEA",100000,2.4534223079681396,"579_fri_c0_250_5",12,True,"-3.323594279360475 + (0.3591862679020184 * (((((x1--8.332000)+(x0+x4))+(sin(x3)+(x2*x2)))+x3)))",0.8014918810409424,0.6890041484689446
"GP-GOMEA",100000,2.8691956996917725,"579_fri_c0_250_5",5,True,"1.0901614426999762 + (-0.4305672637475911 * ((((-5.392000/(-2.812000-x1))-(x4*sin(-4.159000)))-((sin(x2)*x2)+((x0+x3)-(x0*x0))))))",0.8081655456422352,0.8102454945367172
"GP-GOMEA",100000,2.6713740825653076,"579_fri_c0_250_5",9,True,"-0.6120531556724124 + (0.4038479992661246 * (((((x0+x1)+x4)+(x3+(x2*x2)))+sin(((x2/-4.804000)-(4.376000+x1))))))",0.8043811913466634,0.7125029875919788
"GP-GOMEA",100000,2.33888840675354,"579_fri_c0_250_5",14,True,"-1.0645663539429358 + (0.2547113767967822 * ((((sin(8.745000)+(x1+x3))*((-0.741000+4.220000)-(x0*x0)))-(((1.286000+x1)-x4)-((x0+2.954000)+(x2*x2))))))",0.808913751913825,0.7691224608976404
"GP-GOMEA",100000,2.571167469024658,"579_fri_c0_250_5",13,True,"-0.3409215230806772 + (0.3600562308333073 * ((x3+(((x4+x0)+x1)+(sin(x3)+(x2*x2))))))",0.804797053206325,0.6939036834436407
"GP-GOMEA",100000,2.9136624336242676,"579_fri_c0_250_5",11,True,"0.926867004641125 + (-0.3575525256174393 * (((x4-((x4+x0)-(3.636000-x1)))+(((x3/2.840000)*-4.788000)-((x2*x2)+x4)))))",0.7858138965209491,0.7977616355017294
"GP-GOMEA",100000,2.3824844360351562,"579_fri_c0_250_5",17,True,"-0.5213941739090246 + (-0.36926094585425256 * (((sin((2.852000+x3))+((x3-x3)-(x4+x1)))+(sin((x0+-1.362000))-((x0+x3)+(x2*x2))))))",0.8215111911830472,0.8002102047597918
"GP-GOMEA",100000,4.325328826904297,"557_analcatdata_apnea1",27,True,"163.3016340991114 + (0.3448225984065789 * (((x0/sin((-6.094000+x1)))/(sin((x1-27.851000))+sin((x1+x0))))))",0.9037725304260187,0.8517197375045589
"GP-GOMEA",100000,2.2869479656219482,"579_fri_c0_250_5",19,True,"-0.37036550459102946 + (-0.3786497238446809 * (((((x3*-2.591000)+(x3-x4))-((x2*x2)+x0))-sin(x1))))",0.7481544000382996,0.824037349446584
"GP-GOMEA",100000,2.6164777278900146,"579_fri_c0_250_5",15,True,"-0.53714233812341 + (0.35681588943633064 * ((sin((sin(x4)/(x4/x3)))+(((-3.195000+x1)+(x0+x3))+((x2*x2)+(x4+3.701000))))))",0.7879770535716129,0.7917129118378945
"GP-GOMEA",100000,4.677811145782471,"557_analcatdata_apnea1",26,True,"189.66199279020287 + (-21.693174133327876 * (((((x1*x0)-sin(x1))+(sin(x2)+sin(x2)))/((sin(x0)-sin(51.215000))-sin((-10.286000-x1))))))",0.9283713126136737,0.7005605216899935
"GP-GOMEA",100000,22.290783166885376,"1199_BNG_echoMonths",17,True,"31.5053168749798 + (-0.12596898790438288 * (((x3-((x1-x1)-x2))+(((x0*x1)+(x4*x7))+((x1-x3)*(x0+x8))))))",0.42994318723797476,0.43582223710429235
"GP-GOMEA",100000,2.6806046962738037,"579_fri_c0_250_5",18,True,"-0.10203913928376826 + (-0.24795460957301624 * (((((x0*x0)+(x4-x0))+((x3+x4)*(6.635000-9.155000)))-((2.960000+(x3/-6.005000))*sin((x1+0.915000))))))",0.7799266435499992,0.7946973406463536
"GP-GOMEA",100000,4.250499486923218,"557_analcatdata_apnea1",29,True,"309.2301184838625 + (-1809.9763835578885 * (((x1*((x0/37.287000)+(x2-x2)))/sin(((-24.595000+x1)+(x0*x0))))))",0.895553202503798,0.7777849889914361
"GP-GOMEA",100000,2.5521371364593506,"579_fri_c0_250_5",20,True,"2.0591587050252738 + (0.300772104350106 * (((sin((x0+x1))+((5.871000/-4.013000)+x3))+(((x4+-5.444000)+(x3+x0))+x1))))",0.7895674289650013,0.6227884151244171
"GP-GOMEA",100000,2.5258209705352783,"579_fri_c0_250_5",21,True,"2.362715762834163 + (0.3607324494475913 * ((sin(x3)+(((x0+x1)+(x4+x3))-(7.541000-(x2*x2))))))",0.807606802273625,0.6919425310906308
"GP-GOMEA",100000,3.0997931957244873,"579_fri_c0_250_5",16,True,"2.8516381158949513 + (0.34025616094163974 * (((x0-(sin(x1)*(0.557000*x1)))+((sin(x3)-(x0*x0))+((x1+-6.976000)+(x3+x4))))))",0.7750884172957454,0.803140236296877
"GP-GOMEA",100000,22.694138050079346,"1199_BNG_echoMonths",18,True,"39.15020097042271 + (-0.0817696625038612 * ((((x8+x1)-(x0-(x1*x8)))-(((x0-x4)-(x7*12.497000))-((x0*226.989000)+(x4+15.370000))))))",0.43894050195463963,0.4219881846648532
"GP-GOMEA",100000,4.795566558837891,"557_analcatdata_apnea1",28,True,"238.70471011617067 + (-111.41951631244403 * ((((sin(-46.935000)/(x2+x2))+sin((x0*71.761000)))+(sin((x2/x2))/((x0*x1)-9.006000)))))",0.8752894269903366,0.9794056307812753
"GP-GOMEA",100000,2.718073606491089,"579_fri_c0_250_5",22,True,"-0.46886741552235955 + (-0.3748887411469993 * (((((x1*x1)+(x2-x2))-((x0+x1)+x3))-((x4+(x2*x2))-((-5.619000+-5.743000)*sin(6.390000))))))",0.7643031035715866,0.774420663983374
"GP-GOMEA",100000,2.3282406330108643,"579_fri_c0_250_5",24,True,"-4.060452897769842 + (0.3238782313352595 * (((((x0+x0)+(x3+x3))+(x1+(x4-x0)))-((sin(-7.337000)*(x2-x2))-((x2*x2)-(-7.488000-3.942000))))))",0.7639616324683871,0.8114325421202038
"GP-GOMEA",100000,22.657999277114868,"1199_BNG_echoMonths",22,True,"39.457079350573494 + (-0.0659830704511567 * (((((x0*271.539000)+x4)-((x3-x4)*(x7+x0)))+((x1*x8)+(sin(x3)+(x1+x1))))))",0.4347722251103153,0.42588182468147495
"GP-GOMEA",100000,2.3579256534576416,"579_fri_c0_250_5",26,True,"-1.2348617356422569 + (0.2080816232248614 * (((((x0+x1)+(x0+x4))+((x3+x3)+(x3+4.273000)))+(((x1--2.059000)+(x2*x2))-(sin(x0)*(x0+x0))))))",0.8053205907806172,0.8222550428421412
"GP-GOMEA",100000,2.6697399616241455,"579_fri_c0_250_5",23,True,"-1.5765912362051588 + (0.44495135282158516 * ((((2.507000-(-1.153000*x3))+((x2*x2)+(x0+x1)))+sin(((x4-x3)+x3)))))",0.7934190031409059,0.7133209014932864
"GP-GOMEA",100000,2.4701831340789795,"579_fri_c0_250_5",27,True,"0.022500859787648573 + (0.29490455119833003 * (((sin(x1)+((x3-x3)+sin(x1)))+(((x3+x3)+(x2*x2))+((x0+x4)-(x1*x1))))))",0.8268461585424196,0.7688502836494334
"GP-GOMEA",100000,2.637369155883789,"579_fri_c0_250_5",25,True,"1.6414730257981198 + (0.3410940724386303 * ((((sin(x3)+(x4+x0))+((x1+x3)+(x0-x0)))+((sin(x2)*(-5.667000/x2))-((x1*x1)-(-7.488000/-8.023000))))))",0.8028208796901277,0.848103365692465
"GP-GOMEA",100000,2.4614551067352295,"579_fri_c0_250_5",29,True,"-0.7185079612212764 + (0.30947109781657645 * (((((x4+x3)+(1.335000+x0))+sin((x0+x1)))+(x3+((x2*x2)+x1)))))",0.8263549421712449,0.8746108891968072
"GP-GOMEA",100000,3.113104820251465,"579_fri_c0_250_5",28,True,"1.2146380555741274 + (-0.3032468580222605 * (((((x1*x1)+(x0*x0))-((x0-2.510000)+sin(2.566000)))-(((2.032000*x3)+x1)+x4))))",0.7912514318249456,0.8149807444247005
"GP-GOMEA",100000,25.041295289993286,"1199_BNG_echoMonths",15,True,"25.49053174827763 + (8.810951124562594 * ((((x5-(x4+-39.337000))/((x4+x2)+x1))-(x8+(x0+sin(x0))))))",0.43417095839224273,0.42583298038690476
"GP-GOMEA",100000,24.756656169891357,"1199_BNG_echoMonths",20,True,"38.86167614349646 + (-0.12548368937265092 * (((((x7*x5)*(x2+x0))+((x1+x4)+(x1*x8)))-(((-69.261000-80.244000)*sin(x0))-(x7-(x8+x3))))))",0.44588230884173097,0.4056575528714932
"GP-GOMEA",100000,23.094305753707886,"1199_BNG_echoMonths",24,True,"92.25651992237466 + (-0.18366968995649013 * (((((x8+x0)/(444.634000/137.993000))*((106.847000+x8)+(x0+x7)))+((x1*x0)-(-329.852000-(x4+x2))))))",0.44093826455408414,0.4113172166450979
"GP-GOMEA",100000,24.448219776153564,"1199_BNG_echoMonths",23,True,"37.817980653258765 + (-0.08819625188450375 * (((((x0*-222.271000)+(x8+x4))+((x8*x1)-(-422.747000*x0)))-(((x2+x2)/sin(389.485000))-((x1+x0)+(x4*x7))))))",0.45102328657973023,0.40102696836824125
"GP-GOMEA",100000,23.516033172607422,"1199_BNG_echoMonths",25,True,"39.91228804926419 + (-0.10556585455593055 * (((((x0/177.984000)+x2)-(sin(x1)-(x1+x4)))+(((x1*x8)+(162.500000*x0))-(x0-(x4+x6))))))",0.4253093656524076,0.4613375420180018
"GP-GOMEA",100000,26.964477062225342,"1199_BNG_echoMonths",14,True,"48.305814115331216 + (0.06093791303653706 * (((((-292.465000*x0)-(x1--129.063000))-((x7+x4)*(x2+x7)))-((sin(x8)-sin(48.919000))*((x6+x4)+(x4+x1))))))",0.4333340246408873,0.44434998909801615
"GP-GOMEA",100000,23.306599140167236,"1199_BNG_echoMonths",29,True,"14.499213044928451 + (-0.0986972834872895 * ((((x1-(-306.992000*x0))-((x0*128.108000)--236.711000))+(x4+((x4+x2)+(x8*x1))))))",0.43267640123318474,0.4389301672757624
"GP-GOMEA",100000,25.59891128540039,"1199_BNG_echoMonths",19,True,"76.18644884949786 + (-0.01707078120830014 * ((((sin(x0)*(x1+x7))-((x2+-152.606000)-x4))*(((x8--16.777000)+(x2+x8))-((x7/x7)/x6)))))",0.4371229498701784,0.42508781764588044
"GP-GOMEA",100000,24.179941415786743,"1199_BNG_echoMonths",26,True,"52.01666388309354 + (0.0967480151387666 * (((((-214.281000-x0)*sin(x0))+(-145.898000-(x1*x8)))-(((x1+x4)+(x2*x4))+(x7+(x4+x7))))))",0.44078349237222647,0.42491907183246413
"GP-GOMEA",100000,26.962808847427368,"1199_BNG_echoMonths",16,True,"33.16513579705835 + (0.2738742647660452 * (((x8*((x2-x6)-(x5+x7)))-(((x5+x7)*x2)+((x7+x4)+(x0*x1))))))",0.43593004018060866,0.42692158219972376
"GP-GOMEA",100000,24.381744623184204,"1199_BNG_echoMonths",27,True,"-36.343012568681594 + (0.26435431134711784 * (((((x0+x5)+sin(x0))*((x3-x8)-(x7-x3)))-(((x2-264.627000)+(x0*x1))+((x4+x2)+(x8*x6))))))",0.43111954792386475,0.44274142707391273
"GP-GOMEA",100000,6.219874382019043,"606_fri_c2_1000_10",6,True,"-1.6033042135880227 + (2.4357682092900856 * (sin((sin((x1+x0))-10.423000))))",0.7195898471391137,0.6928278055991708
"GP-GOMEA",100000,27.394647359848022,"1199_BNG_echoMonths",21,True,"9.554881487649322 + (-0.103945155495355 * (((((x8*x1)+(x7*x4))-((-164.705000*x0)-(x5*x7)))+(((x2+x1)-274.543000)-(x0-x2)))))",0.43828607451846247,0.43014399244783985
"GP-GOMEA",100000,6.365134000778198,"606_fri_c2_1000_10",3,True,"-1.2148761780681423 + (-2.035610084195788 * (sin((((x4+14.279000)/(x2-17.324000))+sin((x1+x0))))))",0.7204613733383505,0.7285773469521755
"GP-GOMEA",100000,6.560210943222046,"606_fri_c2_1000_10",1,True,"0.07337755261989853 + (-0.8799793414484703 * ((sin(x1)-sin(((x1+x0)+(x1--8.725000))))))",0.7242455612935317,0.7286551350687056
"GP-GOMEA",100000,25.76191258430481,"1199_BNG_echoMonths",28,True,"34.57362816579235 + (-8.798582643763565 * (((((x0+x2)+sin(x8))-sin((x2-x0)))+(x4/((78.062000/x4)+(x4-x7))))))",0.4322278135632931,0.4458930461734728
"GP-GOMEA",100000,6.5061259269714355,"606_fri_c2_1000_10",7,True,"-1.583629106279593 + (-2.382416920552296 * (sin((sin((x1+x0))-(sin(x5)/sin(x5))))))",0.7098075052950668,0.7217877805162651
"GP-GOMEA",100000,6.898426294326782,"606_fri_c2_1000_10",5,True,"-0.5884646067776441 + (-1.2929603390719788 * (sin((((x1*x0)+(x1-7.332000))+x0))))",0.7289884030295375,0.7295153719080585
"GP-GOMEA",100000,3.997776985168457,"650_fri_c0_500_50",1,True,"-0.023446385971306608 + (0.7021750173753868 * ((sin(sin((x0+x1)))+x3)))",0.6729555221052124,0.6525395932922387
"GP-GOMEA",100000,4.166640281677246,"650_fri_c0_500_50",0,True,"0.7983912851041759 + (0.5093719711646016 * (((x34+sin(sin(x1)))-(sin((x18/9.239000))-((x3-1.599000)+(x0-x34))))))",0.6498105438734505,0.4970155398352579
"GP-GOMEA",100000,6.839341640472412,"606_fri_c2_1000_10",11,True,"-1.1900046520430188 + (-1.967096433815586 * (sin((sin((x0+x1))-sin((x1/x1))))))",0.7004678906005743,0.6911336989132022
"GP-GOMEA",100000,7.353156328201294,"606_fri_c2_1000_10",2,True,"0.14546828669885317 + (-0.21856972877106784 * ((((x1+(x1--5.677000))*sin((x1+x0)))-(sin(2.693000)*((x2+x3)-(x4/-4.080000))))))",0.7483930284272601,0.7112838818808445
"GP-GOMEA",100000,7.048374891281128,"606_fri_c2_1000_10",8,True,"0.31459181909661804 + (0.08663334464773641 * ((sin((x1+x0))*(((x0+-13.134000)-x1)+(sin(x0)*(-12.037000+x3))))))",0.7401814747514779,0.7258075314513235
"GP-GOMEA",100000,7.104638338088989,"606_fri_c2_1000_10",10,True,"0.3619417384732814 + (1.1444219560221625 * (((((12.640000/-13.088000)-sin(x0))*sin((x1+x0)))-(x4/((x1-10.354000)-sin(x8))))))",0.7449448970105919,0.7398106858051643
"GP-GOMEA",100000,4.057159662246704,"650_fri_c0_500_50",2,True,"1.3227454278204354 + (0.4806249862156048 * (((((x3-2.737000)+(x0+x1))-(x4*sin(-2.772000)))-sin((sin(x26)/(-1.623000*6.833000))))))",0.7057188546067963,0.6504498011307294
"GP-GOMEA",100000,6.768038511276245,"606_fri_c2_1000_10",15,True,"-1.5850545217368472 + (2.382759248753754 * (sin((((x8*x6)/(x6*x8))-sin((x1+x0))))))",0.7117190471557026,0.7220794357411715
"GP-GOMEA",100000,7.147663593292236,"606_fri_c2_1000_10",12,True,"-0.2422501925636258 + (-1.3335395789385591 * (sin((sin((-7.481000+x1))+((x0+x1)+sin(9.180000))))))",0.7611464245469208,0.6949261601601662
"GP-GOMEA",100000,6.970067977905273,"606_fri_c2_1000_10",13,True,"-1.2320313220557155 + (2.0394729677214856 * (sin((sin((x0+x1))+14.842000))))",0.7058964286595595,0.6859901467844773
"GP-GOMEA",100000,6.673094034194946,"606_fri_c2_1000_10",18,True,"2.0654645630999036 + (0.09798622790810249 * (((((x1-9.285000)*(1.258000+x1))*sin((x1+x0)))-17.821000)))",0.7065258075017107,0.7518382070022079
"GP-GOMEA",100000,7.749147415161133,"606_fri_c2_1000_10",0,True,"0.008312606458669958 + (0.11067393321035023 * (((sin((x1+x0))*((x1*x0)-(x1--11.502000)))+((sin(x0)+sin(x4))-((x2-x3)-x3)))))",0.7130058675570282,0.7540640388255755
"GP-GOMEA",100000,7.647941589355469,"606_fri_c2_1000_10",4,True,"0.21723882692885302 + (0.29532294191034025 * (((((-3.924000-x1)-x1)*sin((x1+x0)))+sin(x3))))",0.7728810313161399,0.7800047727657596
"GP-GOMEA",100000,3.8439137935638428,"650_fri_c0_500_50",5,True,"-0.006048648237626504 + (0.5109704599051256 * (((sin(sin(x1))+x0)+x3)))",0.610910240399297,0.6523179396788126
"GP-GOMEA",100000,7.20262336730957,"606_fri_c2_1000_10",14,True,"-0.36498160701115845 + (-1.2182200937830316 * (sin((((x1*x0)+sin(x1))+(sin(x0)-sin(-10.161000))))))",0.7375362283594162,0.718693848381581
"GP-GOMEA",100000,6.562697410583496,"606_fri_c2_1000_10",21,True,"-1.847800356080637 + (2.670822541897273 * (sin((sin((x1+x0))+14.645000))))",0.7258486344776142,0.6817879942810233
"GP-GOMEA",100000,4.382612228393555,"650_fri_c0_500_50",3,True,"-0.024246063798885158 + (1.1943109235996543 * (sin((sin((x0+x1))+sin(sin(x3))))))",0.6619418223568174,0.7540521372092771
"GP-GOMEA",100000,7.271454095840454,"606_fri_c2_1000_10",17,True,"-1.5953437372735595 + (-2.38058602715134 * (sin((sin((x1+x0))-(sin(13.373000)-sin(3.427000))))))",0.703136538050813,0.7418478485595736
"GP-GOMEA",100000,7.362215995788574,"606_fri_c2_1000_10",16,True,"-0.1359442469863019 + (1.2615283446031331 * (sin((((x1+x0)-sin(6.663000))/((x0/13.017000)+sin(-1.073000))))))",0.716905218740765,0.7374757118717825
"GP-GOMEA",100000,6.43565821647644,"606_fri_c2_1000_10",24,True,"-2.0943258265767257 + (-2.9075582225314567 * (sin((((x4/16.556000)-2.005000)-sin((x1+x0))))))",0.7342954657709679,0.6706436120109982
"GP-GOMEA",100000,4.152287006378174,"650_fri_c0_500_50",7,True,"-0.007590265472058337 + (0.6703985300259362 * ((sin((sin(x0)+sin(x1)))+x3)))",0.6685025550166908,0.6493617660298816
"GP-GOMEA",100000,4.448760509490967,"650_fri_c0_500_50",4,True,"0.014938020961967117 + (0.7187437576499361 * ((sin(sin((x0+x1)))+x3)))",0.6922984735130406,0.5791357676933253
"GP-GOMEA",100000,7.113544702529907,"606_fri_c2_1000_10",22,True,"0.3229328075876725 + (-1.1152048828674208 * (((sin((x0+x1))*sin(sin(x1)))+sin((x0+x1)))))",0.7178409801757661,0.7613552059826474
"GP-GOMEA",100000,7.56442666053772,"606_fri_c2_1000_10",19,True,"-14.147973614849205 + (-1.0964799632933462 * (((sin((x0+x1))*(sin(x1)+(x7/x7)))+-13.229000)))",0.7304538883630906,0.7250484861743367
"GP-GOMEA",100000,4.385299205780029,"650_fri_c0_500_50",8,True,"-0.006856893115552679 + (0.6554949763301082 * ((sin((x1+sin(x0)))+x3)))",0.6747836866776636,0.6504928903639221
"GP-GOMEA",100000,6.804458379745483,"606_fri_c2_1000_10",26,True,"-0.2658073571320341 + (-1.340173581255528 * (sin((sin((x0-1.314000))+(sin(6.419000)+(x0+x1))))))",0.771216432719253,0.6738726611734047
"GP-GOMEA",100000,8.541013956069946,"606_fri_c2_1000_10",9,True,"-2.1893818513456695 + (3.038747241503535 * (sin((((x3+15.434000)/13.291000)-sin((x0+x1))))))",0.717029631613932,0.7425825477922059
"GP-GOMEA",100000,4.7835352420806885,"650_fri_c0_500_50",6,True,"-0.010209159384932798 + (0.6603216334725257 * ((sin((x0+sin(x1)))+x3)))",0.6679812170490832,0.688014018064173
"GP-GOMEA",100000,6.9429872035980225,"606_fri_c2_1000_10",27,True,"-0.5443136684565991 + (1.2604334752346762 * (sin(((-10.329000+sin(x0))+(x1+(x1*x0))))))",0.7472461847209486,0.7925988805192736
"GP-GOMEA",100000,7.123379468917847,"606_fri_c2_1000_10",25,True,"0.03880068730527689 + (-0.13057537795632776 * (((((x1+12.248000)+(x1+-3.347000))*sin((x1+x0)))-((sin(2.873000)+(x3+x4))-x5))))",0.7198147515695772,0.7518214112861323
"GP-GOMEA",100000,7.3435139656066895,"606_fri_c2_1000_10",23,True,"0.42099158021813493 + (-1.215719057128436 * ((sin(sin((x1+x0)))+(sin((x0+x1))*sin(x1)))))",0.7205337365669533,0.7134563542193395
"GP-GOMEA",100000,7.170337200164795,"606_fri_c2_1000_10",28,True,"-1.6982529557117794 + (-2.490971871144253 * (sin((sin((x0+x1))-13.607000))))",0.7082794552732519,0.7367887090955314
"GP-GOMEA",100000,4.4375691413879395,"650_fri_c0_500_50",9,True,"-0.01659689152314392 + (0.8758815525468865 * ((sin(sin((x0+x1)))+sin(x3))))",0.7151671245416242,0.6134514283948067
"GP-GOMEA",100000,1.4365365505218506,"678_visualizing_environmental",3,True,"12.479217921152564 + (1.0467319352284115e-06 * (((((x0*x2)+sin(1440.043000))*((x1+x2)+(-1309.402000+x1)))-((sin(x0)*(x1+-538.333000))*((1000.844000-x0)+(x1--790.633000))))))",0.47351478394279056,0.24023310304094425
"GP-GOMEA",100000,4.209186315536499,"650_fri_c0_500_50",11,True,"-0.006270405558537815 + (0.8400045842994782 * ((sin(sin((x4+x3)))+sin((sin(x1)+sin(x0))))))",0.6446233272207359,0.6304925785407887
"GP-GOMEA",100000,4.527578353881836,"650_fri_c0_500_50",10,True,"-0.07347909846154756 + (-0.5028967910027131 * (((sin((-3.011000+x0))-x1)-x3)))",0.6630807788841253,0.5373341007195823
"GP-GOMEA",100000,1.3831548690795898,"678_visualizing_environmental",6,True,"12.23248594855113 + (0.006041416682328316 * (((x0/(x2/(x1*1272.833000)))/(x2+((-169.199000/x2)*x1)))))",0.3882289648523498,0.31224963330822475
"GP-GOMEA",100000,1.8526296615600586,"678_visualizing_environmental",2,True,"12.607238008396743 + (1.0173638855288438 * ((sin(((x0--805.832000)-sin(-413.378000)))+(sin((x1-x0))-((x0*x2)/(x0+1223.319000))))))",0.4877039985436685,0.36554663754638694
"GP-GOMEA",100000,1.792353868484497,"678_visualizing_environmental",5,True,"17.19167860608598 + (0.05873726386552301 * (((((x2/x0)/(x0+x0))-(sin(1584.319000)+(x0+x2)))-((sin(x0)/(x0+x1))*((-746.095000+x2)+(-837.615000+-951.306000))))))",0.5042882344496346,-2.099589335377907
"GP-GOMEA",100000,1.4212307929992676,"678_visualizing_environmental",9,True,"17.20184634514239 + (9.154139390674512e-06 * (((((1297.932000-x1)*(x2+x0))*(sin(x0)+(-821.558000/138.722000)))+(x2+x2))))",0.42279588394615863,0.48900050740042
"GP-GOMEA",100000,7.577056169509888,"606_fri_c2_1000_10",29,True,"-0.5054946560413859 + (-1.2669521872536986 * (sin((((14.438000/-10.812000)+sin(x0))+((x0*x1)-(11.920000-x1))))))",0.7491557901931821,0.7291156739693913
"GP-GOMEA",100000,1.4852468967437744,"678_visualizing_environmental",8,True,"12.885437970401385 + (82.96217787048872 * (((((x2/x0)+x0)/-1238.483000)+(sin((x0+-677.541000))/x2))))",0.5012384137819417,0.26097214793768564
"GP-GOMEA",100000,1.9698278903961182,"678_visualizing_environmental",4,True,"12.370814689716285 + (2.429900825677425 * ((sin((x0-sin(407.896000)))-(((34.567000*x0)/(1168.202000+x1))-((1071.820000/-1649.358000)*sin(x0))))))",0.4798055189948377,0.33978092936784365
"GP-GOMEA",100000,2.26521372795105,"678_visualizing_environmental",1,True,"12.39233023820973 + (-0.000759853207907045 * ((((sin(x0)*(-1496.518000-194.228000))+((x2/x2)*(x0*x2)))-(x0/sin((x0+x0))))))",0.5140327851309543,0.24332031779703556
"GP-GOMEA",100000,1.7150733470916748,"678_visualizing_environmental",10,True,"264.64346106822813 + (-0.7920321947070182 * (((((-1234.961000+1549.909000)-sin(x0))+sin((x0-x1)))+(((x0+x2)*(x2*x0))/((x1-x0)-(x0*-1430.579000))))))",0.4402395411665406,0.36144368727151577
"GP-GOMEA",100000,1.8980722427368164,"678_visualizing_environmental",7,True,"18.615666319659695 + (5.8467057749694445e-05 * (((((x1+-1540.522000)*(x0+x2))+(x0*(x1+x0)))+(sin(x0)*((x2*284.444000)+x1)))))",0.5163887384946386,0.27294271176456886
"GP-GOMEA",100000,1.5442633628845215,"678_visualizing_environmental",14,True,"12.495981353634 + (-0.0007427683300434119 * ((((sin(x2)+x2)*x0)-(((x0/-1155.340000)+-1589.394000)*sin((-1585.866000+x0))))))",0.4947357423929156,0.29261010135788756
"GP-GOMEA",100000,1.8622691631317139,"678_visualizing_environmental",12,True,"8.018035163890437 + (-0.019018352261248452 * (((((x2/x1)+(x0+x0))+(x0-(307.298000-x2)))-(sin((x0--1333.054000))*x2))))",0.4751056678269593,0.3755616939942038
"GP-GOMEA",100000,1.6094837188720703,"678_visualizing_environmental",15,True,"13.53433139166607 + (-14.68980569628354 * (((x0-(sin(x0)*(813.798000/x2)))/((sin(x0)/sin(x1))+((676.987000/x0)+(x2+x0))))))",0.5216511819537573,0.15471552031118008
"GP-GOMEA",100000,4.237414360046387,"650_fri_c0_500_50",14,True,"0.012874517212646833 + (0.5003206984094993 * ((sin(sin(x4))+(sin(sin(x0))+(x1+x3)))))",0.7068835802441564,0.6965783620121806
"GP-GOMEA",100000,1.5137593746185303,"678_visualizing_environmental",18,True,"16.11945673562293 + (-0.054178010894463474 * ((((x2-(1121.531000/x1))+x0)+(sin((751.841000+x0))/(x1/(x1+1579.421000))))))",0.5104737750944318,-1.9151666319258824
"GP-GOMEA",100000,4.3072216510772705,"650_fri_c0_500_50",12,True,"0.026711119266922424 + (0.4860374629664328 * ((x3+(sin(x0)+(x1+sin(x4))))))",0.7105658443632383,0.6991623067878979
"GP-GOMEA",100000,1.5795888900756836,"678_visualizing_environmental",17,True,"13.137890731502864 + (0.2403396995323922 * (((sin((-1336.137000-x2))/sin((x1*x0)))+(((x2/x0)+(x2*x0))/(sin(-1567.305000)-(x2+x1))))))",0.45001727792388546,0.23164313524451907
"GP-GOMEA",100000,2.927741527557373,"678_visualizing_environmental",0,True,"12.634070825404063 + (1.831969284080864e-06 * ((((x1-(x2/x0))-((1562.328000+x2)-1007.997000))*((x2*x0)-(1528.901000*sin(x0))))))",0.45960853784893574,0.38511688963839297
"GP-GOMEA",100000,4.132068157196045,"650_fri_c0_500_50",15,True,"-0.42984320478051324 + (0.30280740085458785 * ((x1+((1.413000+(x3+x0))+(sin(x43)+(x3+x4))))))",0.7022737349115065,0.7146960314730975
"GP-GOMEA",100000,1.5479977130889893,"678_visualizing_environmental",19,True,"48201.50727897836 + (-0.05571211488603577 * (((((x0--1471.670000)+(1151.897000*749.624000))+((x2+x2)/x1))+(((x2+-48.085000)*sin(x2))*sin((x1+-1052.464000))))))",0.3878791281809937,0.40559985502698614
"GP-GOMEA",100000,4.1042468547821045,"650_fri_c0_500_50",17,True,"-0.027480096815340402 + (0.6891477759157473 * ((sin(sin((x0+x1)))+x3)))",0.6454819511028889,0.7491106547321416
"GP-GOMEA",100000,4.140066623687744,"650_fri_c0_500_50",16,True,"-0.008182350579497056 + (0.6931548457373413 * ((sin(sin((x0+x1)))+x3)))",0.6735282534335307,0.6616681761551264
"GP-GOMEA",100000,2.2303473949432373,"678_visualizing_environmental",11,True,"90.92430980937218 + (-0.05514882674573548 * (((((x0*x2)/(x0+x1))*sin((-38.099000-x0)))-((sin(x0)+(-1348.425000-x0))-x2))))",0.47343131146734074,0.32743125059333444
"GP-GOMEA",100000,2.2892608642578125,"678_visualizing_environmental",13,True,"12.886127048558468 + (1828.8635734305324 * (((((-49.413000*x0)/(1090.442000+x0))/((x2/x1)--1115.099000))-(sin((x0+-128.094000))/((1430.183000-x2)-x2)))))",0.4678202381345471,0.3767867008653336
"GP-GOMEA",100000,1.5666561126708984,"678_visualizing_environmental",23,True,"12.77266529300946 + (-0.5780991421462375 * (((((x2*x0)-sin(-425.362000))-(sin(x0)*(x1+1215.937000)))/(((x1--366.925000)-sin(x1))+((x0+183.393000)-(x2+x2))))))",0.5033086594951582,0.2756727916655216
"GP-GOMEA",100000,9.71363353729248,"606_fri_c2_1000_10",20,True,"-1.8601609179804341 + (2.6658931296235626 * (sin((-4.211000+sin((x0+x1))))))",0.7199354472327466,0.7016985985889507
"GP-GOMEA",100000,1.8274939060211182,"678_visualizing_environmental",21,True,"11.526288148557368 + (0.18130721723928475 * (((x2-((x0*x2)+-793.150000))/(x1-((594.163000/x0)-x2)))))",0.41587087839724535,0.5239363625263229
"GP-GOMEA",100000,4.20132851600647,"650_fri_c0_500_50",19,True,"0.0007229346793783902 + (0.3100334785760378 * (((((x3+x4)+(x1+x3))-sin((x38/x32)))+x0)))",0.698097805052088,0.7261010692016923
"GP-GOMEA",100000,1.4068825244903564,"678_visualizing_environmental",29,True,"-165.24995817809602 + (-0.06425785425567664 * (((((-1596.219000+x0)+(x2--351.282000))-1612.077000)-(((1435.828000-x1)/(x1+x0))*(sin(x0)-(x1/x1))))))",0.45031077797164776,0.28042959986878124
"GP-GOMEA",100000,1.9576687812805176,"678_visualizing_environmental",22,True,"12.069208343127418 + (-0.0007023770946211314 * (((((-1625.531000-x2)*sin(x0))+((-421.318000+x2)+(x0*x2)))+(((1414.553000+x1)*sin(x2))*sin((x1+x0))))))",0.5232316747263992,0.20846775531730055
"GP-GOMEA",100000,1.7702479362487793,"678_visualizing_environmental",24,True,"12.364111679575846 + (0.032010428830499385 * ((((sin(x0)+sin(x0))+((x2-x2)-(x0+x0)))+(((-1006.109000/x2)/(x0+x2))/((x2/x1)-sin(x2))))))",0.5094440602148407,0.26543107117916853
"GP-GOMEA",100000,2.355422258377075,"678_visualizing_environmental",16,True,"0.38302057291528047 + (0.9389249509662542 * (((sin(x0)*sin((x0*x0)))-(((x1+x2)/(x1+-529.934000))-((1302.034000+-280.639000)/(x0+x2))))))",0.4696404600150852,0.19550547465598322
"GP-GOMEA",100000,5.015496015548706,"650_fri_c0_500_50",13,True,"-0.018547396680197715 + (-0.4432475049599252 * ((sin((x18*sin(3.511000)))-(sin(x4)+((x0+x1)+x3)))))",0.6934555374626277,0.6031399586297378
"GP-GOMEA",100000,4.427542209625244,"650_fri_c0_500_50",18,True,"-0.010312312744526781 + (1.1902544528674788 * (sin((sin((x0+x1))+sin(x3)))))",0.6810458770997105,0.6497381316963367
"GP-GOMEA",100000,1.6005194187164307,"678_visualizing_environmental",27,True,"12.16550335804108 + (0.0007527517806444423 * ((((1334.899000*sin(x0))+sin((-729.161000/-95.268000)))-(((x0-x1)+sin(x2))+((x0*x2)-(x1+x1))))))",0.4532917916021638,0.37954136516657366
"GP-GOMEA",100000,4.071409702301025,"650_fri_c0_500_50",22,True,"-0.021628996408452807 + (0.5352361729040302 * (((sin(x4)+(sin(x1)+sin(x0)))+x3)))",0.7143551161830961,0.7051831301054597
"GP-GOMEA",100000,4.040786027908325,"650_fri_c0_500_50",23,True,"-0.4436022392672349 + (0.5536851032490742 * ((((x3+sin(x1))-sin(-8.498000))+sin(x0))))",0.6557967614091257,0.5965574874740296
"GP-GOMEA",100000,2.1167564392089844,"678_visualizing_environmental",20,True,"6.435319273657168 + (-1.419050679084731 * (((((-298.536000+x0)+(x0+x0))/x2)+sin(sin((x0+393.218000))))))",0.49767027376396533,0.3594309802058099
"GP-GOMEA",100000,4.382036924362183,"650_fri_c0_500_50",20,True,"-0.020212573395339273 + (0.4922804142042184 * ((x0+(sin(sin(x1))+x3))))",0.6237340469403305,0.6113875016770532
"GP-GOMEA",100000,1.7759625911712646,"678_visualizing_environmental",25,True,"12.029873123313735 + (-0.00038888421122959305 * (((((x0*x2)-(x1+1057.610000))*((x0--753.841000)-sin(x1)))/((x0+(x0+x1))+((x0-x2)/x0)))))",0.5274493377811866,-2.6619556338759924
"GP-GOMEA",100000,4.138816833496094,"650_fri_c0_500_50",21,True,"-0.017193122022685765 + (0.6697389285629526 * ((sin((sin(x1)+x0))+x3)))",0.6839812569802858,0.644816385557929
"GP-GOMEA",100000,1.8177258968353271,"678_visualizing_environmental",26,True,"116948.70678239454 + (-0.0597387195888253 * (((((x2+x0)+(1185.541000*1651.045000))+((x2/x0)+sin(x2)))-(((1475.574000-x0)/(x2+x2))*(sin(x0)+sin(x1))))))",0.4443512184439805,0.3926405203972817
"GP-GOMEA",100000,1.766695499420166,"678_visualizing_environmental",28,True,"12.13928277208355 + (1.3856751779435799 * ((((x1-(x0*x2))/((x1--720.715000)-(x2-1118.145000)))-sin((x1-(x1*x0))))))",0.4690726928616391,0.2582708820925136
"GP-GOMEA",100000,4.043699264526367,"650_fri_c0_500_50",25,True,"-0.057544684334994496 + (1.238912131356077 * (sin((sin(sin(x3))+sin((x0+x1))))))",0.6906819702829308,0.6580534910125388
"GP-GOMEA",100000,3.9248530864715576,"650_fri_c0_500_50",29,True,"-0.01613188322780011 + (0.4862574319825555 * ((((sin(x4)+sin(x1))+x3)+x0)))",0.708218812800864,0.6700317654683958
"GP-GOMEA",100000,4.086474180221558,"650_fri_c0_500_50",24,True,"0.2642590393970419 + (-0.37681563568143484 * ((((sin(x43)-sin(x3))+(sin(0.776000)-(x1+x3)))-(sin(x4)+(sin(x43)+sin(x0))))))",0.7157283424383643,0.738669628715426
"GP-GOMEA",100000,4.196670055389404,"650_fri_c0_500_50",26,True,"-2.3649887340222584 + (0.319211909552847 * ((x3+(x1+(x0-(-7.349000-x3))))))",0.6102283964050876,0.7067786839986778
"GP-GOMEA",100000,4.1752400398254395,"650_fri_c0_500_50",28,True,"-0.01643582133568809 + (1.2339537652731185 * (sin((sin((x1+x0))+sin(sin(x3))))))",0.6932164338884748,0.658656127884159
"GP-GOMEA",100000,4.447601795196533,"650_fri_c0_500_50",27,True,"0.014035117921776735 + (0.48530546197390734 * (((sin(x0)+x3)+x1)))",0.616157900096348,0.6654219865633015
