status,evaluations,generation,total_time_seconds,alg_time_seconds,eval_time_seconds,seed,discrete,discrete_active,continuous,continuous_active,expressions,mse_train,objectives,constraint_value
Running,512,0,0.006075225,0.001000937,0.005074288,42897,"[18,18,4,11,5,2,1,12,5,6,8,16,15,14,4,10,15,21,15,14,18,2,10,10,14,14,20,5,0,13,7]","[1,0,0,0,0,0,0,0,0,0,0,0,0,0,0,0,0,0,0,0,0,0,0,0,0,0,0,0,0,0,0]","[2097.49,3894.99,-4038.11,4343.48,-1566.37,-2013.67,-4784.32,3522.64,28.8436,1306.56,-3961.22,160.371,2811.77,2924.06,-533.245,3278.37,-2089.82,-2765.69,-1599.5,-4833.9,-3153.99,-1677.17,-4974.4,1680.67,735.192,-2993.84,-1603.88,974.343,-2127.19,2603.02,-1488.34]","[1,0,0,0,0,0,0,0,0,0,0,0,0,0,0,0,0,0,0,0,0,0,0,0,0,0,0,0,0,0,0]","2097.4935198411804",1.25856e+06,"[1.25856e+06]",0
Running,1051,0,0.023353736,0.005125114,0.018228622,42897,"[18,18,4,11,5,2,1,12,5,6,8,16,15,14,4,10,15,21,15,14,18,2,10,10,14,14,20,5,0,13,7]","[1,0,0,0,0,0,0,0,0,0,0,0,0,0,0,0,0,0,0,0,0,0,0,0,0,0,0,0,0,0,0]","[2097.49,3894.99,-4038.11,4343.48,-1566.37,-2013.67,-4784.32,3522.64,28.8436,1306.56,-3961.22,160.371,2811.77,2924.06,-533.245,3278.37,-2089.82,-2765.69,-1599.5,-4833.9,-3153.99,-1677.17,-4974.4,1680.67,735.192,-2993.84,-1603.88,974.343,-2127.19,2603.02,-1488.34]","[1,0,0,0,0,0,0,0,0,0,0,0,0,0,0,0,0,0,0,0,0,0,0,0,0,0,0,0,0,0,0]","2097.4935198411804",1.25856e+06,"[1.25856e+06]",0
Running,2220,0,0.060450787,0.005780375,0.054670412,42897,"[19,20,19,21,19,20,21,13,4,15,7,20,20,4,16,16,5,19,20,19,21,10,1,5,8,21,19,18,18,3,7]","[1,1,1,1,1,1,1,1,1,1,1,1,1,1,1,1,1,1,1,1,1,1,1,1,1,1,1,1,1,1,1]","[1497.63,-1254.72,-5018.94,-2975.72,-4576.29,4234.41,-132.139,595.071,-1664.58,-380.244,-914.055,1352.95,-3077.68,-2073.04,-1987.15,-812.808,3929.25,-526.892,4107.08,-1416.72,-609.96,2802.96,-1234.91,4690.68,-4557.52,1171.5,-3430.82,-2802.89,4242.61,-51.7112,1971.7]","[0,0,0,0,0,0,0,0,0,0,0,0,0,0,0,0,0,0,0,0,0,0,0,0,0,0,0,1,1,0,0]","((((x3 * x7) + (-2802.8929127739893 + 4242.60544889558)) - ((x5 + x8) - (x10 * x1))) + (((x16 - x5) * (x4 - x16)) + ((x15 - x7) + (x13 * x4))))",1.23519e+06,"[1.23519e+06]",0
Running,4491,0,0.154633475,0.007126317,0.147507158,42897,"[19,20,19,21,19,20,21,13,4,15,7,20,20,4,16,16,16,19,20,19,21,10,1,5,8,21,19,18,18,16,7]","[1,1,1,1,1,1,1,1,1,1,1,1,1,1,1,1,1,1,1,1,1,1,1,1,1,1,1,1,1,1,1]","[1497.63,-1254.72,-5018.94,-2975.72,-4576.29,4234.41,-132.139,595.071,-1664.58,-380.244,-914.055,1352.95,-3077.68,-2073.04,-1987.15,-812.808,3929.25,-526.892,4107.08,-1416.72,-609.96,2802.96,-1234.91,4690.68,-4557.52,1171.5,-3430.82,-2802.89,4242.61,-51.7112,1971.7]","[0,0,0,0,0,0,0,0,0,0,0,0,0,0,0,0,0,0,0,0,0,0,0,0,0,0,0,1,1,0,0]","((((x16 * x7) + (-2802.8929127739893 + 4242.60544889558)) - ((x5 + x8) - (x10 * x1))) + (((x16 - x16) * (x4 - x16)) + ((x15 - x7) + (x13 * x4))))",1.20914e+06,"[1.20914e+06]",0
Running,8996,0,0.38555062,0.010622254,0.374928366,42897,"[19,20,19,21,19,20,21,13,4,15,7,20,20,4,16,8,16,19,20,19,21,16,1,5,8,21,19,18,18,16,7]","[1,1,1,1,1,1,1,1,1,1,1,1,1,1,1,1,1,1,1,1,1,1,1,1,1,1,1,1,1,1,1]","[1497.63,-1254.72,-5018.94,-2975.72,-4576.29,4234.41,-132.139,595.071,-1664.58,-380.244,-914.055,1352.95,-3077.68,-2073.04,-1987.15,-812.808,3929.25,-526.892,4107.08,-1416.72,-609.96,2802.96,-1234.91,4690.68,-4557.52,1171.5,-3430.82,-2802.89,4242.61,-51.7112,1971.7]","[0,0,0,0,0,0,0,0,0,0,0,0,0,0,0,0,0,0,0,0,0,0,0,0,0,0,0,1,1,0,0]","((((x16 * x7) + (-2802.8929127739893 + 4242.60544889558)) - ((x5 + x8) - (x16 * x1))) + (((x8 - x16) * (x4 - x16)) + ((x15 - x7) + (x13 * x4))))",1.1794e+06,"[1.1794e+06]",0
Running,10489,1,0.870274848,0.013953505,0.856321343,42897,"[20,22,21,19,10,8,21,15,13,18,6,22,19,2,18,11,9,12,12,21,22,11,12,14,9,21,19,1,5,11,5]","[1,1,1,1,1,0,0,0,0,0,0,1,1,1,1,1,1,1,1,0,0,0,0,0,0,0,0,0,0,0,0]","[-2924.74,3311.77,-3441.09,936.773,-677.391,3571.77,2663.44,1304.33,-3414.39,-2326.24,3770.87,-4484.38,4405.95,-3071.34,-590.863,2004.38,-3846.84,4679.16,4951.96,-960.154,5134.21,-4244.87,4008.26,5022.98,-371.062,1290.78,-2888.14,4389.32,-2046.82,-150.558,4080.42]","[0,0,0,0,0,0,0,0,0,0,0,0,0,0,1,0,0,0,0,0,0,0,0,0,0,0,0,0,0,0,0]","((x12/x12) - (((x11/x9) + (x2 + -590.8634732680466)) * x10))",1.10019e+06,"[1.10019e+06]",0
Running,13270,1,1.005224844,0.017081696,0.988143148,42897,"[20,22,21,19,10,8,22,15,2,18,6,22,19,2,18,13,9,12,19,21,22,11,0,3,4,21,20,1,5,11,5]","[1,1,1,1,1,0,0,0,0,0,0,1,1,1,1,1,1,1,1,1,1,1,1,1,1,0,0,0,0,0,0]","[-2924.74,3311.77,-3441.09,936.773,-677.391,3571.77,2663.44,1304.33,-3414.39,-2326.24,3770.87,-4484.38,4405.95,-3071.34,-590.863,2004.38,-3846.84,4679.16,4951.96,-960.154,5134.21,-4244.87,4008.26,5022.98,-371.062,1290.78,-2888.14,4389.32,-2046.82,-150.558,4080.42]","[0,0,0,0,0,0,0,0,0,0,0,0,0,0,1,0,0,0,0,0,0,0,0,0,0,0,0,0,0,0,0]","((x12/((x3 * x4) + (x11/x0))) - (((x13/x9) + (x2 + -590.8634732680466)) * x10))",1.08586e+06,"[1.08586e+06]",0
Running,18048,1,1.2253232379999999,0.02119952,1.204123718,42897,"[20,22,21,19,10,22,22,10,8,18,6,22,19,2,18,6,9,12,19,21,22,11,0,3,4,21,20,1,5,11,16]","[1,1,1,1,1,0,0,0,0,0,0,1,1,1,1,1,1,1,1,1,1,1,1,1,1,0,0,0,0,0,0]","[-2924.74,3311.77,-3441.09,936.773,-677.391,3571.77,2663.44,1304.33,-3414.39,-2326.24,3770.87,-4484.38,4405.95,-3071.34,-590.863,2004.38,-3846.84,4679.16,4951.96,-960.154,5134.21,-4244.87,4008.26,5022.98,-371.062,1290.78,-2888.14,4389.32,-2046.82,-150.558,4080.42]","[0,0,0,0,0,0,0,0,0,0,0,0,0,0,1,0,0,0,0,0,0,0,0,0,0,0,0,0,0,0,0]","((x12/((x3 * x4) + (x11/x0))) - (((x6/x9) + (x2 + -590.8634732680466)) * x10))",1.08569e+06,"[1.08569e+06]",0
Running,20749,2,1.687053186,0.025336719,1.661716467,42897,"[20,22,21,19,10,22,22,10,8,18,6,22,19,2,18,8,9,12,19,21,22,11,0,3,4,21,20,1,5,11,16]","[1,1,1,1,1,0,0,0,0,0,0,1,1,1,1,1,1,1,1,1,1,1,1,1,1,0,0,0,0,0,0]","[-2924.74,3311.77,-3441.09,936.773,-677.391,3571.77,2663.44,1304.33,-3414.39,-2326.24,3770.87,-4484.38,4405.95,-3071.34,-590.863,2004.38,-3846.84,4679.16,4951.96,-960.154,5134.21,-4244.87,4008.26,5022.98,-371.062,1290.78,-2888.14,4389.32,-2046.82,-150.558,4080.42]","[0,0,0,0,0,0,0,0,0,0,0,0,0,0,1,0,0,0,0,0,0,0,0,0,0,0,0,0,0,0,0]","((x12/((x3 * x4) + (x11/x0))) - (((x8/x9) + (x2 + -590.8634732680466)) * x10))",1.08566e+06,"[1.08566e+06]",0
Running,34200,2,2.013457101,0.03423089,1.979226211,42897,"[20,22,21,19,10,22,2,10,13,18,9,22,19,2,18,10,9,21,19,20,22,11,0,3,4,20,20,15,4,11,16]","[1,1,1,1,1,0,0,0,0,0,0,1,1,1,1,1,1,1,1,1,1,1,1,1,1,1,1,1,1,1,1]","[-2924.74,3311.77,-3441.09,936.773,-677.391,3571.77,2663.44,1304.33,-3414.39,-2326.24,3770.87,-4484.38,4405.95,-3071.34,-590.863,2004.38,-3846.84,4679.16,4951.96,-960.154,5134.21,-4244.87,4008.26,5022.98,-371.062,1290.78,-2888.14,4389.32,-2046.82,-150.558,4080.42]","[0,0,0,0,0,0,0,0,0,0,0,0,0,0,1,0,0,0,0,0,0,0,0,0,0,0,0,0,0,0,0]","((((x11 - x16) * (x15 - x4))/((x3 - x4) + (x11/x0))) - (((x10/x9) + (x2 + -590.8634732680466)) * x10))",1.05996e+06,"[1.05996e+06]",0
Running,36171,3,2.481768865,0.03752188,2.444246985,42897,"[20,22,21,19,10,20,21,10,13,18,9,22,19,2,18,10,9,21,19,21,22,11,0,3,4,19,19,15,4,11,16]","[1,1,1,1,1,0,0,0,0,0,0,1,1,1,1,1,1,1,1,1,1,1,1,1,1,1,1,1,1,1,1]","[-923.227,2257.05,969.591,4670.66,1511.51,-4594.77,-2203.47,257.319,3370.42,1217.46,4094.98,1098.69,-2306.9,3444.85,-518.641,4430.44,4486.04,-3837.7,-3998.31,1816.55,2085.15,-2079.33,1437.56,3712.3,-9.91857,1444.18,-186.435,939.815,1958.64,2778.6,-3266.56]","[0,0,0,0,0,0,0,0,0,0,0,0,0,0,1,0,0,0,0,0,0,0,0,0,0,0,0,0,0,0,0]","((((x11 + x16) * (x15 + x4))/((x3 * x4) + (x11/x0))) - (((x10/x9) + (x2 + -518.6412364577682)) * x10))",1.02849e+06,"[1.02849e+06]",0
Running,53988,4,3.367233343,0.047894609,3.319338734,42897,"[20,22,21,19,10,20,19,10,13,18,11,22,19,2,18,8,9,21,19,21,22,11,0,10,4,19,21,16,2,11,16]","[1,1,1,1,1,0,0,0,0,0,0,1,1,1,1,1,1,1,1,1,1,1,1,1,1,1,1,1,1,1,1]","[-923.227,2257.05,969.591,4670.66,1511.51,-4594.77,-2203.47,257.319,3370.42,1217.46,4094.98,1098.69,-2306.9,3444.85,-518.641,4430.44,4486.04,-3837.7,-3998.31,1816.55,2085.15,-2079.33,1437.56,3712.3,-9.91857,1444.18,-186.435,939.815,1958.64,2778.6,-3266.56]","[0,0,0,0,0,0,0,0,0,0,0,0,0,0,1,0,0,0,0,0,0,0,0,0,0,0,0,0,0,0,0]","((((x11 + x16) * (x16 * x2))/((x10 * x4) + (x11/x0))) - (((x8/x9) + (x2 + -518.6412364577682)) * x10))",991100,"[991100]",0
Running,71488,4,4.032138238,0.057007154,3.975131084,42897,"[20,22,21,19,10,22,3,10,13,18,9,22,19,2,18,8,10,21,19,21,22,11,0,16,8,19,21,16,2,11,16]","[1,1,1,1,1,0,0,0,0,0,0,1,1,1,1,1,1,1,1,1,1,1,1,1,1,1,1,1,1,1,1]","[-923.227,2257.05,969.591,4670.66,1511.51,-4594.77,-2203.47,257.319,3370.42,1217.46,4094.98,1098.69,-2306.9,3444.85,-518.641,4430.44,4486.04,-3837.7,-3998.31,1816.55,2085.15,-2079.33,1437.56,3712.3,-9.91857,1444.18,-186.435,939.815,1958.64,2778.6,-3266.56]","[0,0,0,0,0,0,0,0,0,0,0,0,0,0,1,0,0,0,0,0,0,0,0,0,0,0,0,0,0,0,0]","((((x11 + x16) * (x16 * x2))/((x16 * x8) + (x11/x0))) - (((x8/x10) + (x2 + -518.6412364577682)) * x10))",973011,"[973011]",0
Running,72502,5,4.187041494,0.058764757,4.128276737,42897,"[20,22,21,19,10,22,3,10,13,18,9,22,19,2,18,8,10,21,19,21,22,11,0,16,8,19,21,16,2,11,16]","[1,1,1,1,1,0,0,0,0,0,0,1,1,1,1,1,1,1,1,1,1,1,1,1,1,1,1,1,1,1,1]","[-923.227,2257.05,969.591,4670.66,1511.51,-4594.77,-2203.47,257.319,3370.42,1217.46,4094.98,1098.69,-2306.9,3444.85,-518.641,4430.44,4486.04,-3837.7,-3998.31,1816.55,2085.15,-2079.33,1437.56,3712.3,-9.91857,1444.18,-186.435,939.815,1958.64,2778.6,-3266.56]","[0,0,0,0,0,0,0,0,0,0,0,0,0,0,1,0,0,0,0,0,0,0,0,0,0,0,0,0,0,0,0]","((((x11 + x16) * (x16 * x2))/((x16 * x8) + (x11/x0))) - (((x8/x10) + (x2 + -518.6412364577682)) * x10))",973011,"[973011]",0
Running,117904,8,6.522277489,0.088323194,6.433954295,42897,"[20,19,21,19,10,13,3,18,13,2,9,21,19,2,18,8,16,21,20,21,19,11,14,0,15,19,21,5,5,13,15]","[1,1,1,1,1,0,0,0,0,0,0,1,1,1,1,1,1,1,1,1,1,1,1,1,1,1,1,1,1,1,1]","[-2924.74,3311.77,-3441.09,936.773,-677.391,3571.77,2663.44,1304.33,-3414.39,-2326.24,3770.87,-4484.38,4405.95,-3071.34,-590.863,2004.38,-3846.84,4679.16,4951.96,-960.154,5134.21,-4244.87,4008.26,5022.98,-371.062,1290.78,-2888.14,4389.32,-2046.82,-150.558,4080.42]","[0,0,0,0,0,0,0,0,0,0,0,0,0,0,1,0,0,0,0,0,0,0,0,0,0,0,0,0,0,0,0]","((((x13 + x15) * (x5 * x5)) + ((x0 * x15) - (x11 + x14))) - (((x8 * x16) + (x2 + -590.8634732680466)) * x10))",903064,"[903064]",0
Running,145020,9,7.781939914,0.105368787,7.676571127,42897,"[20,19,21,19,10,13,4,2,13,18,9,21,19,8,18,8,16,21,20,21,19,11,0,0,15,19,21,5,5,14,15]","[1,1,1,1,1,0,0,0,0,0,0,1,1,1,1,1,1,1,1,1,1,1,1,1,1,1,1,1,1,1,1]","[-923.227,2257.05,969.591,4670.66,1511.51,-4594.77,-2203.47,257.319,3370.42,1217.46,4094.98,1098.69,-2306.9,3444.85,-518.641,4430.44,4486.04,-3837.7,-3998.31,1816.55,2085.15,-2079.33,1437.56,3712.3,-9.91857,1444.18,-186.435,939.815,1958.64,2778.6,-3266.56]","[0,0,0,0,0,0,0,0,0,0,0,0,0,0,1,0,0,0,0,0,0,0,0,0,0,0,0,0,0,0,0]","((((x14 + x15) * (x5 * x5)) + ((x0 * x15) - (x11 + x0))) - (((x8 * x16) + (x8 + -518.6412364577682)) * x10))",897998,"[897998]",0
Running,147324,9,8.068675387,0.10646765,7.962207737,42897,"[20,19,21,19,10,13,4,2,13,18,9,21,19,8,18,8,16,21,20,21,19,11,0,0,15,19,21,5,5,14,15]","[1,1,1,1,1,0,0,0,0,0,0,1,1,1,1,1,1,1,1,1,1,1,1,1,1,1,1,1,1,1,1]","[-923.227,2257.05,969.591,4670.66,1511.51,-4594.77,-2203.47,257.319,3370.42,1217.46,4094.98,1098.69,-2306.9,3444.85,-518.641,4430.44,4486.04,-3837.7,-3998.31,1816.55,2085.15,-2079.33,1437.56,3712.3,-9.91857,1444.18,-186.435,939.815,1958.64,2778.6,-3266.56]","[0,0,0,0,0,0,0,0,0,0,0,0,0,0,1,0,0,0,0,0,0,0,0,0,0,0,0,0,0,0,0]","((((x14 + x15) * (x5 * x5)) + ((x0 * x15) - (x11 + x0))) - (((x8 * x16) + (x8 + -518.6412364577682)) * x10))",897998,"[897998]",0
Converged,169205,15,11.1753476,0.150039179,11.025308421,42897,"[20,19,21,19,10,13,4,16,13,18,9,21,19,8,18,8,16,21,20,21,19,11,13,0,15,19,21,5,5,13,15]","[1,1,1,1,1,0,0,0,0,0,0,1,1,1,1,1,1,1,1,1,1,1,1,1,1,1,1,1,1,1,1]","[759.817,1091.77,-42.1974,-3923.35,749.388,394.042,-397.25,-761.556,498.213,-4420.56,1301.75,1380.59,-654.668,-1567.96,-556.323,-3983.76,-2596.42,-3286.7,-3380.16,5159.28,-4835.97,-2425.14,1880.56,-2384.44,4070.45,-476.377,621.96,-1352.96,3359.4,-966.748,5008.49]","[0,0,0,0,0,0,0,0,0,0,0,0,0,0,1,0,0,0,0,0,0,0,0,0,0,0,0,0,0,0,0]","((((x13 + x15) * (x5 * x5)) + ((x0 * x15) - (x11 + x13))) - (((x8 * x16) + (x8 + -556.3226603292496)) * x10))",895371,"[895371]",0
