status,evaluations,generation,total_time_seconds,alg_time_seconds,eval_time_seconds,current_population_size,current_population_generation,dataset,kernel,population_size,num_observations,num_features,branching_factor,depth,operator_set,fold,iteration,seed,var_y,seed.1,discrete,discrete_active,continuous,continuous_active,expressions,mse_train,objectives,constraint_value,mse
Running,1024,0,0.035620343,0.029909729,0.005710614,1024,1,modular_1,single_kernel_inplace,1024,666,9,2,7,modular,1,0,2811363264,4.373266884321894,2811363264,"[14,10,10,4,0,16,14,14,3,14,10,10,3,5,13,11,1,12,16,11,5,10,13,9,15,14,8,2,2,15,14,10,14,13,10,12,16,13,2,3,5,11,0,10,5,12,15,2,2,0,1,13,6,11,3,9,4,15,7,13,9,13,12,10,16,6,10,14,5,0,4,11,8,12,10,12,5,17,2,2,4,15,17,11,8,3,0,6,1,3,7,10,3,7,2,0,3,9,7,14,5,13,3,4,15,9,4,3,12,4,11,14,11,11,7,6,12,11,8,14,14,8,13,7,17,0,6,4,2,5,3,5,8,3,2,1,9,3,3,5,2,6,4,7,8,8,3,5,5,0,9,5,1,0,2,9,7,3,8,6,0,3,6,7,1,9,0,1,2,0,2,4,6,2,1,7,7,1,5,1,4,3,8,3,5,1,1,3,0,6,1,4,6,0,8,6,0,5,0,1,0,1,4,8,6,3,0,0,2,7,1,1,1,2,1,6,4,9,9,5,1,8,3,5,9,2,2,7,4,0,8,1,7,3,9,2,5,8,0,1,3,9,7,2,1,7,4,4,0,0,1,9,0,1,7]","[1,1,0,1,1,0,0,0,0,0,0,0,0,0,0,0,0,0,0,0,0,0,0,0,0,0,0,0,0,0,0,0,0,0,0,0,0,0,0,0,0,0,0,0,0,0,0,0,0,0,0,0,0,0,0,0,0,0,0,0,0,0,0,0,0,0,0,0,0,0,0,0,0,0,0,0,0,0,0,0,0,0,0,0,0,0,0,0,0,0,0,0,0,0,0,0,0,0,0,0,0,0,0,0,0,0,0,0,0,0,0,0,0,0,0,0,0,0,0,0,0,0,0,0,0,0,0,0,0,0,0,0,0,0,0,0,0,0,0,0,0,0,0,0,0,0,0,0,0,0,0,0,0,0,0,0,0,0,0,0,0,0,0,0,0,0,0,0,0,0,0,0,0,0,0,0,0,0,0,0,0,0,0,0,0,0,0,0,0,0,0,0,0,0,0,0,0,0,0,0,0,0,0,0,0,0,0,0,0,0,0,0,0,0,0,0,0,0,0,0,0,0,0,0,0,0,0,0,0,0,0,0,0,0,0,0,0,0,0,0,0,0,0,0,0,0,0,0,0,0,0,0,0,0,0]","[3.08044,-4.00284,1.90635,-3.87363,-4.14425,-2.13922,2.65247,5.08326,-1.87392,-4.57209,1.65182,1.69391,-5.53791,0.818759,1.00813,3.69379,-2.89442,2.26432,-0.117592,-3.69728,-4.80793,2.97072,-1.62662,-3.47064,-4.31104,2.68646,4.19585,-5.63014,-0.448809,-4.4397,5.70791,2.96414,-5.98968,-2.7781,4.04708,2.83702,5.39614,3.64535,0.0663551,-3.20062,-3.22173,4.62692,-1.258,4.4557,3.61925,-3.17687,4.59734,-5.18739,4.84516,-0.205292,2.30705,-2.62241,-2.83316,-5.46752,2.18488,-4.46525,0.315048,-6.05069,4.52737,-4.90983,-4.94082,2.19187,3.80247,-0.0474003,5.81316,-5.89736,3.72778,-1.8589,-4.09588,1.98762,3.15901,-0.675181,3.10303,5.01649,-1.43558,-4.37687,0.0876016,-4.53741,4.43087,3.34314,-0.605099,2.33234,-4.00198,-3.20756,-3.71164,-1.93943,-2.50607,4.19173,-2.85879,-1.80717,0.623596,-1.18148,-3.65961,-2.06541,-2.53231,-4.08296,-0.947849,2.86907,3.22851,4.39143,-5.73995,0.292518,4.76556,5.57553,0.550085,-0.00343653,3.40835,4.14192,-0.512866,4.97794,1.41732,0.561864,-0.610182,1.99389,0.911828,0.0545538,5.7562,4.11254,-5.9825,-0.648624,4.45244,-5.42692,5.33666,1.97038,-5.708,3.73245,-2.11885,-4.19381,-3.30296,-0.00357758,-3.4422,3.51466,4.87901,1.92284,5.24161,-4.88499,-2.90121,3.39998,5.37416,3.67493,-5.0245,-0.612207,-5.29067,-4.95562,-3.10431,3.53832,-4.06566,0.287383,2.06267,5.79298,-2.7284,5.77464,1.60248,-1.73435,1.18652,-0.0498101,2.37328,2.80287,0.946743,-0.420557,-0.584214,-2.54074,-1.7868,-1.71406,1.22343,-5.28235,-4.73843,-5.03079,2.24516,2.78412,-1.18107,4.62411,0.461349,0.519424,-5.85572,-0.885467,-1.44068,5.72819,-0.224183,-2.41182,-1.04522,2.83025,0.519261,0.994225,5.28969,0.849193,-5.58187,-4.74081,-3.57951,0.0914826,-1.00315,-4.21959,1.73756,4.91351,-3.18845,1.19269,-1.91812,1.66125,-3.2924,5.95379,4.45539,-4.47517,-5.86843,0.117171,-5.65345,2.34347,4.96317,-5.48497,2.64941,5.12243,-1.98942,-4.90568,3.1266,3.08558,1.64852,5.16299,4.72831,4.87406,2.52053,-1.42295,1.21941,0.584392,5.60015,5.9017,3.83964,-5.87694,-5.89192,-5.17508,-2.02634,-5.78387,-0.878499,-5.54854,1.27454,1.98197,-3.72753,5.19086,4.91545,1.68012,-0.779495,-5.32873,3.20544,1.06492,3.36975,3.18302,4.14368,-2.97157,-0.902521,1.46741,-3.46755,0.549705,1.59581,-4.71751,-5.17869,0.398792,-4.09572]","[0,0,0,0,0,0,0,0,0,0,0,0,0,0,0,0,0,0,0,0,0,0,0,0,0,0,0,0,0,0,0,0,0,0,0,0,0,0,0,0,0,0,0,0,0,0,0,0,0,0,0,0,0,0,0,0,0,0,0,0,0,0,0,0,0,0,0,0,0,0,0,0,0,0,0,0,0,0,0,0,0,0,0,0,0,0,0,0,0,0,0,0,0,0,0,0,0,0,0,0,0,0,0,0,0,0,0,0,0,0,0,0,0,0,0,0,0,0,0,0,0,0,0,0,0,0,0,0,0,0,0,0,0,0,0,0,0,0,0,0,0,0,0,0,0,0,0,0,0,0,0,0,0,0,0,0,0,0,0,0,0,0,0,0,0,0,0,0,0,0,0,0,0,0,0,0,0,0,0,0,0,0,0,0,0,0,0,0,0,0,0,0,0,0,0,0,0,0,0,0,0,0,0,0,0,0,0,0,0,0,0,0,0,0,0,0,0,0,0,0,0,0,0,0,0,0,0,0,0,0,0,0,0,0,0,0,0,0,0,0,0,0,0,0,0,0,0,0,0,0,0,0,0,0,0]",sin((x4 + x0)),3.99243,[3.99243],0,
Running,2067,0,0.07314638,0.057294113,0.015852267,1024,1,modular_1,single_kernel_inplace,1024,666,9,2,7,modular,1,0,2811363264,4.373266884321894,2811363264,"[14,10,10,4,0,16,14,14,3,14,10,10,3,5,13,11,1,12,16,11,5,10,13,9,15,14,8,2,2,15,14,10,14,13,10,12,16,13,2,3,5,11,0,10,5,12,15,2,2,0,1,13,6,11,3,9,4,15,7,13,9,13,12,10,16,6,10,14,5,0,4,11,8,12,10,12,5,17,2,2,4,15,17,11,8,3,0,6,1,3,7,10,3,7,2,0,3,9,7,14,5,13,3,4,15,9,4,3,12,4,11,14,11,11,7,6,12,11,8,14,14,8,13,7,17,0,6,4,2,5,3,5,8,3,2,1,9,3,3,5,2,6,4,7,8,8,3,5,5,0,9,5,1,0,2,9,7,3,8,6,0,3,6,7,1,9,0,1,2,0,2,4,6,2,1,7,7,1,5,1,4,3,8,3,5,1,1,3,0,6,1,4,6,0,8,6,0,5,0,1,0,1,4,8,6,3,0,0,2,7,1,1,1,2,1,6,4,9,9,5,1,8,3,5,9,2,2,7,4,0,8,1,7,3,9,2,5,8,0,1,3,9,7,2,1,7,4,4,0,0,1,9,0,1,7]","[1,1,0,1,1,0,0,0,0,0,0,0,0,0,0,0,0,0,0,0,0,0,0,0,0,0,0,0,0,0,0,0,0,0,0,0,0,0,0,0,0,0,0,0,0,0,0,0,0,0,0,0,0,0,0,0,0,0,0,0,0,0,0,0,0,0,0,0,0,0,0,0,0,0,0,0,0,0,0,0,0,0,0,0,0,0,0,0,0,0,0,0,0,0,0,0,0,0,0,0,0,0,0,0,0,0,0,0,0,0,0,0,0,0,0,0,0,0,0,0,0,0,0,0,0,0,0,0,0,0,0,0,0,0,0,0,0,0,0,0,0,0,0,0,0,0,0,0,0,0,0,0,0,0,0,0,0,0,0,0,0,0,0,0,0,0,0,0,0,0,0,0,0,0,0,0,0,0,0,0,0,0,0,0,0,0,0,0,0,0,0,0,0,0,0,0,0,0,0,0,0,0,0,0,0,0,0,0,0,0,0,0,0,0,0,0,0,0,0,0,0,0,0,0,0,0,0,0,0,0,0,0,0,0,0,0,0,0,0,0,0,0,0,0,0,0,0,0,0,0,0,0,0,0,0]","[3.08044,-4.00284,1.90635,-3.87363,-4.14425,-2.13922,2.65247,5.08326,-1.87392,-4.57209,1.65182,1.69391,-5.53791,0.818759,1.00813,3.69379,-2.89442,2.26432,-0.117592,-3.69728,-4.80793,2.97072,-1.62662,-3.47064,-4.31104,2.68646,4.19585,-5.63014,-0.448809,-4.4397,5.70791,2.96414,-5.98968,-2.7781,4.04708,2.83702,5.39614,3.64535,0.0663551,-3.20062,-3.22173,4.62692,-1.258,4.4557,3.61925,-3.17687,4.59734,-5.18739,4.84516,-0.205292,2.30705,-2.62241,-2.83316,-5.46752,2.18488,-4.46525,0.315048,-6.05069,4.52737,-4.90983,-4.94082,2.19187,3.80247,-0.0474003,5.81316,-5.89736,3.72778,-1.8589,-4.09588,1.98762,3.15901,-0.675181,3.10303,5.01649,-1.43558,-4.37687,0.0876016,-4.53741,4.43087,3.34314,-0.605099,2.33234,-4.00198,-3.20756,-3.71164,-1.93943,-2.50607,4.19173,-2.85879,-1.80717,0.623596,-1.18148,-3.65961,-2.06541,-2.53231,-4.08296,-0.947849,2.86907,3.22851,4.39143,-5.73995,0.292518,4.76556,5.57553,0.550085,-0.00343653,3.40835,4.14192,-0.512866,4.97794,1.41732,0.561864,-0.610182,1.99389,0.911828,0.0545538,5.7562,4.11254,-5.9825,-0.648624,4.45244,-5.42692,5.33666,1.97038,-5.708,3.73245,-2.11885,-4.19381,-3.30296,-0.00357758,-3.4422,3.51466,4.87901,1.92284,5.24161,-4.88499,-2.90121,3.39998,5.37416,3.67493,-5.0245,-0.612207,-5.29067,-4.95562,-3.10431,3.53832,-4.06566,0.287383,2.06267,5.79298,-2.7284,5.77464,1.60248,-1.73435,1.18652,-0.0498101,2.37328,2.80287,0.946743,-0.420557,-0.584214,-2.54074,-1.7868,-1.71406,1.22343,-5.28235,-4.73843,-5.03079,2.24516,2.78412,-1.18107,4.62411,0.461349,0.519424,-5.85572,-0.885467,-1.44068,5.72819,-0.224183,-2.41182,-1.04522,2.83025,0.519261,0.994225,5.28969,0.849193,-5.58187,-4.74081,-3.57951,0.0914826,-1.00315,-4.21959,1.73756,4.91351,-3.18845,1.19269,-1.91812,1.66125,-3.2924,5.95379,4.45539,-4.47517,-5.86843,0.117171,-5.65345,2.34347,4.96317,-5.48497,2.64941,5.12243,-1.98942,-4.90568,3.1266,3.08558,1.64852,5.16299,4.72831,4.87406,2.52053,-1.42295,1.21941,0.584392,5.60015,5.9017,3.83964,-5.87694,-5.89192,-5.17508,-2.02634,-5.78387,-0.878499,-5.54854,1.27454,1.98197,-3.72753,5.19086,4.91545,1.68012,-0.779495,-5.32873,3.20544,1.06492,3.36975,3.18302,4.14368,-2.97157,-0.902521,1.46741,-3.46755,0.549705,1.59581,-4.71751,-5.17869,0.398792,-4.09572]","[0,0,0,0,0,0,0,0,0,0,0,0,0,0,0,0,0,0,0,0,0,0,0,0,0,0,0,0,0,0,0,0,0,0,0,0,0,0,0,0,0,0,0,0,0,0,0,0,0,0,0,0,0,0,0,0,0,0,0,0,0,0,0,0,0,0,0,0,0,0,0,0,0,0,0,0,0,0,0,0,0,0,0,0,0,0,0,0,0,0,0,0,0,0,0,0,0,0,0,0,0,0,0,0,0,0,0,0,0,0,0,0,0,0,0,0,0,0,0,0,0,0,0,0,0,0,0,0,0,0,0,0,0,0,0,0,0,0,0,0,0,0,0,0,0,0,0,0,0,0,0,0,0,0,0,0,0,0,0,0,0,0,0,0,0,0,0,0,0,0,0,0,0,0,0,0,0,0,0,0,0,0,0,0,0,0,0,0,0,0,0,0,0,0,0,0,0,0,0,0,0,0,0,0,0,0,0,0,0,0,0,0,0,0,0,0,0,0,0,0,0,0,0,0,0,0,0,0,0,0,0,0,0,0,0,0,0,0,0,0,0,0,0,0,0,0,0,0,0,0,0,0,0,0,0]",sin((x4 + x0)),3.99243,[3.99243],0,
Running,4217,0,0.117380043,0.081797828,0.035582215,1024,1,modular_1,single_kernel_inplace,1024,666,9,2,7,modular,1,0,2811363264,4.373266884321894,2811363264,"[14,10,10,4,0,16,14,14,3,14,10,10,3,5,13,11,1,12,16,11,5,10,13,9,15,14,8,2,2,15,14,10,14,13,10,12,16,13,2,3,5,11,0,10,5,12,15,2,2,0,1,13,6,11,3,9,4,15,7,13,9,13,12,10,16,6,10,14,5,0,4,11,8,12,10,12,5,17,2,2,4,15,17,11,8,3,0,6,1,3,7,10,3,7,2,0,3,9,7,14,5,13,3,4,15,9,4,3,12,4,11,14,11,11,7,6,12,11,8,14,14,8,13,7,17,0,6,4,2,5,3,5,8,3,2,1,9,3,3,5,2,6,4,7,8,8,3,5,5,0,9,5,1,0,2,9,7,3,8,6,0,3,6,7,1,9,0,1,2,0,2,4,6,2,1,7,7,1,5,1,4,3,8,3,5,1,1,3,0,6,1,4,6,0,8,6,0,5,0,1,0,1,4,8,6,3,0,0,2,7,1,1,1,2,1,6,4,9,9,5,1,8,3,5,9,2,2,7,4,0,8,1,7,3,9,2,5,8,0,1,3,9,7,2,1,7,4,4,0,0,1,9,0,1,7]","[1,1,0,1,1,0,0,0,0,0,0,0,0,0,0,0,0,0,0,0,0,0,0,0,0,0,0,0,0,0,0,0,0,0,0,0,0,0,0,0,0,0,0,0,0,0,0,0,0,0,0,0,0,0,0,0,0,0,0,0,0,0,0,0,0,0,0,0,0,0,0,0,0,0,0,0,0,0,0,0,0,0,0,0,0,0,0,0,0,0,0,0,0,0,0,0,0,0,0,0,0,0,0,0,0,0,0,0,0,0,0,0,0,0,0,0,0,0,0,0,0,0,0,0,0,0,0,0,0,0,0,0,0,0,0,0,0,0,0,0,0,0,0,0,0,0,0,0,0,0,0,0,0,0,0,0,0,0,0,0,0,0,0,0,0,0,0,0,0,0,0,0,0,0,0,0,0,0,0,0,0,0,0,0,0,0,0,0,0,0,0,0,0,0,0,0,0,0,0,0,0,0,0,0,0,0,0,0,0,0,0,0,0,0,0,0,0,0,0,0,0,0,0,0,0,0,0,0,0,0,0,0,0,0,0,0,0,0,0,0,0,0,0,0,0,0,0,0,0,0,0,0,0,0,0]","[3.08044,-4.00284,1.90635,-3.87363,-4.14425,-2.13922,2.65247,5.08326,-1.87392,-4.57209,1.65182,1.69391,-5.53791,0.818759,1.00813,3.69379,-2.89442,2.26432,-0.117592,-3.69728,-4.80793,2.97072,-1.62662,-3.47064,-4.31104,2.68646,4.19585,-5.63014,-0.448809,-4.4397,5.70791,2.96414,-5.98968,-2.7781,4.04708,2.83702,5.39614,3.64535,0.0663551,-3.20062,-3.22173,4.62692,-1.258,4.4557,3.61925,-3.17687,4.59734,-5.18739,4.84516,-0.205292,2.30705,-2.62241,-2.83316,-5.46752,2.18488,-4.46525,0.315048,-6.05069,4.52737,-4.90983,-4.94082,2.19187,3.80247,-0.0474003,5.81316,-5.89736,3.72778,-1.8589,-4.09588,1.98762,3.15901,-0.675181,3.10303,5.01649,-1.43558,-4.37687,0.0876016,-4.53741,4.43087,3.34314,-0.605099,2.33234,-4.00198,-3.20756,-3.71164,-1.93943,-2.50607,4.19173,-2.85879,-1.80717,0.623596,-1.18148,-3.65961,-2.06541,-2.53231,-4.08296,-0.947849,2.86907,3.22851,4.39143,-5.73995,0.292518,4.76556,5.57553,0.550085,-0.00343653,3.40835,4.14192,-0.512866,4.97794,1.41732,0.561864,-0.610182,1.99389,0.911828,0.0545538,5.7562,4.11254,-5.9825,-0.648624,4.45244,-5.42692,5.33666,1.97038,-5.708,3.73245,-2.11885,-4.19381,-3.30296,-0.00357758,-3.4422,3.51466,4.87901,1.92284,5.24161,-4.88499,-2.90121,3.39998,5.37416,3.67493,-5.0245,-0.612207,-5.29067,-4.95562,-3.10431,3.53832,-4.06566,0.287383,2.06267,5.79298,-2.7284,5.77464,1.60248,-1.73435,1.18652,-0.0498101,2.37328,2.80287,0.946743,-0.420557,-0.584214,-2.54074,-1.7868,-1.71406,1.22343,-5.28235,-4.73843,-5.03079,2.24516,2.78412,-1.18107,4.62411,0.461349,0.519424,-5.85572,-0.885467,-1.44068,5.72819,-0.224183,-2.41182,-1.04522,2.83025,0.519261,0.994225,5.28969,0.849193,-5.58187,-4.74081,-3.57951,0.0914826,-1.00315,-4.21959,1.73756,4.91351,-3.18845,1.19269,-1.91812,1.66125,-3.2924,5.95379,4.45539,-4.47517,-5.86843,0.117171,-5.65345,2.34347,4.96317,-5.48497,2.64941,5.12243,-1.98942,-4.90568,3.1266,3.08558,1.64852,5.16299,4.72831,4.87406,2.52053,-1.42295,1.21941,0.584392,5.60015,5.9017,3.83964,-5.87694,-5.89192,-5.17508,-2.02634,-5.78387,-0.878499,-5.54854,1.27454,1.98197,-3.72753,5.19086,4.91545,1.68012,-0.779495,-5.32873,3.20544,1.06492,3.36975,3.18302,4.14368,-2.97157,-0.902521,1.46741,-3.46755,0.549705,1.59581,-4.71751,-5.17869,0.398792,-4.09572]","[0,0,0,0,0,0,0,0,0,0,0,0,0,0,0,0,0,0,0,0,0,0,0,0,0,0,0,0,0,0,0,0,0,0,0,0,0,0,0,0,0,0,0,0,0,0,0,0,0,0,0,0,0,0,0,0,0,0,0,0,0,0,0,0,0,0,0,0,0,0,0,0,0,0,0,0,0,0,0,0,0,0,0,0,0,0,0,0,0,0,0,0,0,0,0,0,0,0,0,0,0,0,0,0,0,0,0,0,0,0,0,0,0,0,0,0,0,0,0,0,0,0,0,0,0,0,0,0,0,0,0,0,0,0,0,0,0,0,0,0,0,0,0,0,0,0,0,0,0,0,0,0,0,0,0,0,0,0,0,0,0,0,0,0,0,0,0,0,0,0,0,0,0,0,0,0,0,0,0,0,0,0,0,0,0,0,0,0,0,0,0,0,0,0,0,0,0,0,0,0,0,0,0,0,0,0,0,0,0,0,0,0,0,0,0,0,0,0,0,0,0,0,0,0,0,0,0,0,0,0,0,0,0,0,0,0,0,0,0,0,0,0,0,0,0,0,0,0,0,0,0,0,0,0,0]",sin((x4 + x0)),3.99243,[3.99243],0,
Running,8443,0,0.215225405,0.145823632,0.069401773,1024,1,modular_1,single_kernel_inplace,1024,666,9,2,7,modular,1,0,2811363264,4.373266884321894,2811363264,"[14,10,13,0,3,14,10,17,13,0,13,17,15,12,14,12,6,5,14,10,10,6,5,15,12,14,15,12,14,11,17,13,4,6,16,16,14,17,11,8,5,12,9,17,0,5,6,11,14,14,13,12,17,9,16,11,16,15,12,1,4,3,13,9,17,1,12,11,7,10,6,0,4,15,11,8,1,13,3,10,11,3,15,13,8,16,14,12,10,10,12,3,8,12,12,13,15,15,17,16,17,13,10,13,17,16,12,10,9,12,16,17,17,14,14,16,11,13,12,11,13,6,7,7,14,13,16,7,0,2,3,7,5,2,1,2,3,4,8,4,3,6,8,2,0,0,7,8,3,9,6,0,1,3,5,1,3,8,4,9,5,0,4,2,4,4,0,1,0,6,5,3,6,9,7,3,6,6,7,4,5,7,4,6,5,5,8,0,2,9,8,3,7,5,1,9,4,3,2,6,0,1,1,6,3,6,3,2,4,4,3,5,0,4,9,7,6,6,3,4,5,5,2,1,0,9,2,6,7,2,4,2,8,1,6,3,6,8,1,3,7,8,6,5,6,2,2,8,0,1,5,6,8,8,0]","[1,1,0,1,1,0,0,0,0,0,0,0,0,0,0,0,0,0,0,0,0,0,0,0,0,0,0,0,0,0,0,0,0,0,0,0,0,0,0,0,0,0,0,0,0,0,0,0,0,0,0,0,0,0,0,0,0,0,0,0,0,0,0,0,0,0,0,0,0,0,0,0,0,0,0,0,0,0,0,0,0,0,0,0,0,0,0,0,0,0,0,0,0,0,0,0,0,0,0,0,0,0,0,0,0,0,0,0,0,0,0,0,0,0,0,0,0,0,0,0,0,0,0,0,0,0,0,0,0,0,0,0,0,0,0,0,0,0,0,0,0,0,0,0,0,0,0,0,0,0,0,0,0,0,0,0,0,0,0,0,0,0,0,0,0,0,0,0,0,0,0,0,0,0,0,0,0,0,0,0,0,0,0,0,0,0,0,0,0,0,0,0,0,0,0,0,0,0,0,0,0,0,0,0,0,0,0,0,0,0,0,0,0,0,0,0,0,0,0,0,0,0,0,0,0,0,0,0,0,0,0,0,0,0,0,0,0,0,0,0,0,0,0,0,0,0,0,0,0,0,0,0,0,0,0]","[4.62066,5.99155,-2.49412,5.57637,-2.74582,-3.81227,3.88732,-2.454,-5.09398,4.31277,3.46495,-5.05793,1.81848,-3.17872,-0.255132,-1.93557,3.59145,4.83309,2.23076,3.3657,3.8941,-1.49627,5.57787,0.198213,5.62779,-1.68391,0.814881,0.774407,-3.90773,2.88049,-2.2777,-1.42359,-0.3553,0.855087,1.02346,2.18404,-3.45273,1.43049,-0.814553,4.03191,0.043803,-1.51912,-4.33691,-1.94175,-4.11149,-5.72433,-5.53427,-0.883134,1.27973,-5.05259,2.13948,-2.15752,-2.78963,2.36482,4.28599,-1.68432,-1.85861,-3.93982,0.494468,-4.85277,5.19871,4.96626,-3.03862,0.44681,3.18367,5.94199,5.60952,-4.62395,4.73839,-2.61842,-4.63618,-0.897884,1.48727,-4.03358,-2.46138,2.48371,-1.59729,-3.68447,4.06174,-1.4329,-5.31841,2.42478,-2.56773,-4.66956,-4.06072,2.37132,-3.78778,0.703454,-2.30666,-4.11142,-5.13032,-3.06004,-1.55318,2.54719,1.08175,-1.30375,-0.8258,2.73203,-4.56501,1.59255,5.26624,-2.40011,-2.35467,5.45114,-5.84619,5.59951,5.36597,-5.31962,-2.68264,3.38834,0.115463,-0.459907,-1.53533,-5.42626,-3.53854,0.189367,1.74577,-1.36616,2.05135,3.70493,3.17015,-3.26637,-3.31456,-3.99093,2.66381,4.47893,-3.60857,-2.15489,-2.61301,-5.91461,4.13709,-0.10624,1.66566,3.5193,4.77686,4.24477,-5.28754,-1.84627,-5.43227,-4.30973,-1.89438,2.42242,3.26343,-3.56875,-4.75246,0.562924,1.86005,4.9549,0.462837,-5.75493,3.85731,3.40513,-2.44764,-5.69643,-0.175846,1.31845,-3.51718,-2.19077,-2.6977,-0.49784,-1.20259,0.21078,-5.69259,-0.780843,0.653594,5.06364,-1.7824,-0.597905,5.02384,0.801818,-4.14271,4.67862,4.5433,-4.94728,-1.85222,-4.84834,-4.76201,5.62445,-0.342565,1.49081,-0.516228,-1.59761,-1.18723,-5.34607,-2.95114,3.85247,-4.90588,5.85277,2.65378,2.61964,3.89361,0.854312,1.36142,2.64793,-0.892673,0.45645,-0.442626,-4.5811,6.00286,-0.235674,-2.11567,-1.10724,3.89157,0.553428,3.64024,-0.702039,5.14959,-4.85114,-2.2054,1.47656,-4.03437,2.26131,4.11561,3.68836,-2.66452,3.81368,-2.08636,-5.36973,4.02985,2.56395,-4.69243,-1.6071,1.5257,-5.04567,-3.19518,3.01999,-4.06023,3.45359,0.860641,2.2307,-2.59071,0.868157,-1.25927,-2.19826,5.05117,-1.36199,0.276099,1.11803,4.24767,-0.517688,0.923067,-2.98584,4.22072,0.25313,-5.3915,-1.50862,5.09577,0.966536,-1.43528,0.368188,-3.78583,-1.03052,5.29065,-1.32695,2.12912]","[0,0,0,0,0,0,0,0,0,0,0,0,0,0,0,0,0,0,0,0,0,0,0,0,0,0,0,0,0,0,0,0,0,0,0,0,0,0,0,0,0,0,0,0,0,0,0,0,0,0,0,0,0,0,0,0,0,0,0,0,0,0,0,0,0,0,0,0,0,0,0,0,0,0,0,0,0,0,0,0,0,0,0,0,0,0,0,0,0,0,0,0,0,0,0,0,0,0,0,0,0,0,0,0,0,0,0,0,0,0,0,0,0,0,0,0,0,0,0,0,0,0,0,0,0,0,0,0,0,0,0,0,0,0,0,0,0,0,0,0,0,0,0,0,0,0,0,0,0,0,0,0,0,0,0,0,0,0,0,0,0,0,0,0,0,0,0,0,0,0,0,0,0,0,0,0,0,0,0,0,0,0,0,0,0,0,0,0,0,0,0,0,0,0,0,0,0,0,0,0,0,0,0,0,0,0,0,0,0,0,0,0,0,0,0,0,0,0,0,0,0,0,0,0,0,0,0,0,0,0,0,0,0,0,0,0,0,0,0,0,0,0,0,0,0,0,0,0,0,0,0,0,0,0,0]",sin((x0 + x3)),3.9281,[3.9281],0,
Running,16893,0,0.480813711,0.354577409,0.126236302,1024,1,modular_1,single_kernel_inplace,1024,666,9,2,7,modular,1,0,2811363264,4.373266884321894,2811363264,"[15,10,15,15,1,16,11,11,13,0,1,15,14,10,16,12,11,14,8,12,12,0,13,14,10,17,12,11,11,16,17,13,12,11,13,13,11,13,16,16,16,8,2,12,2,14,11,10,10,12,8,15,14,15,14,10,15,10,1,16,11,11,10,11,17,15,10,17,9,14,14,3,0,15,15,14,14,14,12,11,12,0,13,10,8,6,13,4,3,15,11,6,16,0,12,13,17,17,14,17,17,10,4,15,3,11,4,16,10,14,9,16,17,6,10,17,15,16,7,12,11,11,14,2,13,11,9,7,7,8,1,9,5,7,5,2,4,2,3,6,2,1,8,8,9,9,2,7,9,8,5,7,3,2,2,2,8,1,8,6,9,8,4,8,7,5,6,8,0,2,0,1,2,5,1,7,7,9,6,2,3,3,2,6,7,3,8,9,8,1,8,2,4,4,2,6,5,7,3,1,4,6,7,2,7,6,6,1,1,2,7,3,1,6,3,6,4,2,1,6,9,2,6,5,4,1,8,5,0,6,7,9,5,5,1,4,0,8,0,3,9,1,6,7,9,5,1,4,0,3,2,7,3,0,2]","[1,1,0,1,1,0,0,1,0,0,0,0,0,0,0,1,1,0,0,0,0,0,0,0,0,0,0,0,0,0,0,1,1,1,1,0,0,0,0,0,0,0,0,0,0,0,0,0,0,0,0,0,0,0,0,0,0,0,0,0,0,0,0,1,1,1,1,1,1,1,1,0,0,0,0,0,0,0,0,0,0,0,0,0,0,0,0,0,0,0,0,0,0,0,0,0,0,0,0,0,0,0,0,0,0,0,0,0,0,0,0,0,0,0,0,0,0,0,0,0,0,0,0,0,0,0,0,1,1,1,0,1,0,1,1,1,0,0,0,1,0,1,0,0,0,0,0,0,0,0,0,0,0,0,0,0,0,0,0,0,0,0,0,0,0,0,0,0,0,0,0,0,0,0,0,0,0,0,0,0,0,0,0,0,0,0,0,0,0,0,0,0,0,0,0,0,0,0,0,0,0,0,0,0,0,0,0,0,0,0,0,0,0,0,0,0,0,0,0,0,0,0,0,0,0,0,0,0,0,0,0,0,0,0,0,0,0,0,0,0,0,0,0,0,0,0,0,0,0,0,0,0,0,0,0]","[2.36079,-2.01267,5.45998,-0.415677,1.83719,5.34203,0.819729,2.08841,1.80721,4.91462,-3.99451,1.04683,-1.52543,4.8298,-1.08411,-3.35768,-3.84429,2.65952,-6.00005,3.97746,-0.859635,-5.9514,-0.289555,-4.59204,2.59635,-0.732318,1.76174,-5.63935,-4.63846,-5.67506,-2.81209,1.41616,4.42471,-3.74509,5.02157,-3.17354,-0.893515,-3.67361,2.04773,2.36775,4.99744,4.73271,-4.52761,4.54924,0.927905,2.68045,5.26619,2.37317,0.711047,-4.01599,-3.80271,0.78651,-5.91336,-0.346666,2.51658,-4.64519,-4.23314,-0.424009,4.41496,-3.07517,5.56636,-5.61503,4.52966,-2.18309,0.731515,-6.00494,-3.43497,-1.08015,3.13705,-5.53491,-5.30708,-3.53104,-1.81581,-3.29921,3.94867,0.73424,-3.23494,5.36474,-3.51094,4.10103,5.4476,-1.75654,-5.51789,3.37814,1.00497,5.93156,-0.675481,-3.36007,4.52164,-5.80926,-3.87406,2.49265,-0.606804,5.96341,0.880647,2.27221,-1.33253,1.36798,-5.69139,-0.302408,-4.10961,1.25526,-4.33668,1.55662,-0.995609,-4.62512,-1.66262,0.271015,-2.8284,0.922397,4.00029,-2.20974,4.05413,-3.21608,-5.97815,5.84488,-3.29251,3.62579,1.67437,-0.185304,-2.56816,0.650828,-1.43373,-1.18508,-5.40676,-0.540691,5.32965,-0.211036,1.27961,0.122071,0.937573,-1.88429,3.90593,1.75545,-5.68025,6.05868,-3.80208,5.04631,-0.752995,-2.61867,3.12624,2.52362,2.66332,-4.51124,-2.31486,-5.02441,-3.05179,-4.39703,-3.70959,0.230286,-0.874067,3.78275,5.44866,0.862038,-3.95959,5.83844,0.702366,5.7523,-6.04255,5.81945,0.681213,2.84804,2.68299,0.620746,-5.69071,-0.736916,0.00691589,-2.56968,-3.52656,3.81976,-2.45989,5.46991,2.96727,-4.98674,-2.49265,-1.22523,0.80464,2.17764,1.25722,3.09971,-2.61504,1.07646,3.69266,-0.614972,-3.07363,3.78553,-4.37727,2.13598,-0.299274,-3.2633,4.02092,3.18291,-0.437133,5.42611,-4.06137,2.71848,5.8663,-4.68096,2.5191,-0.340105,-3.24219,-4.96783,3.7843,0.928085,2.84684,3.9885,-2.69011,1.77265,-3.42144,-3.23722,-2.36157,0.315763,0.0197944,-4.66095,-5.13751,2.0541,5.20214,-5.94588,4.15308,-4.09318,-5.51705,2.44536,-1.13735,5.64043,-0.0774599,-0.809588,-0.248685,-4.3335,0.243607,5.05871,2.13708,3.75366,-2.54298,0.969844,5.60162,1.22795,0.316598,-3.2462,-3.86991,-6.06597,2.82947,-3.28522,1.85494,-0.55535,3.233,0.458677,-3.6454,2.49933,0.794165,-3.80062,-3.99516,1.18289,5.48406,2.45368,0.287818]","[0,0,0,0,0,0,0,0,0,0,0,0,0,0,0,0,0,0,0,0,0,0,0,0,0,0,0,0,0,0,0,0,0,0,0,0,0,0,0,0,0,0,0,0,0,0,0,0,0,0,0,0,0,0,0,0,0,0,0,0,0,0,0,0,0,0,0,0,1,0,0,0,0,0,0,0,0,0,0,0,0,0,0,0,0,0,0,0,0,0,0,0,0,0,0,0,0,0,0,0,0,0,0,0,0,0,0,0,0,0,0,0,0,0,0,0,0,0,0,0,0,0,0,0,0,0,0,0,0,0,0,1,0,0,0,0,0,0,0,0,0,0,0,0,0,0,0,0,0,0,0,0,0,0,0,0,0,0,0,0,0,0,0,0,0,0,0,0,0,0,0,0,0,0,0,0,0,0,0,0,0,0,0,0,0,0,0,0,0,0,0,0,0,0,0,0,0,0,0,0,0,0,0,0,0,0,0,0,0,0,0,0,0,0,0,0,0,0,0,0,0,0,0,0,0,0,0,0,0,0,0,0,0,0,0,0,0,0,0,0,0,0,0,0,0,0,0,0,0,0,0,0,0,0,0]",cos((cos(((((x7 - x7) / sqrt(x8)) * (cos(-1.8842923391414912) * (x7 + x5))) - ((sqrt(x2) - 3.1370461099058318) - (sin(x6) / sin(x1))))) + x1)),3.89496,[3.89496],0,
Running,26951,1,0.943038894,0.747006846,0.196032048,1024,2,modular_1,single_kernel_inplace,1024,666,9,2,7,modular,1,0,2811363264,4.373266884321894,2811363264,"[14,10,10,14,14,14,16,14,13,14,11,13,17,11,16,10,0,12,12,15,4,8,3,7,1,10,12,10,14,12,12,15,10,13,15,10,17,14,13,14,15,12,3,1,8,11,17,2,0,10,14,12,1,11,16,10,5,11,13,15,17,17,6,7,11,15,15,5,10,16,14,3,16,13,14,15,13,11,13,13,12,15,10,16,13,9,11,1,9,11,13,16,5,11,8,2,3,0,1,10,0,12,15,10,16,12,5,10,13,17,15,16,2,17,16,11,11,15,15,17,3,14,11,12,13,1,10,9,3,7,2,4,1,2,3,3,4,1,2,4,9,8,8,7,5,0,4,2,0,5,7,7,8,8,7,0,7,4,6,8,4,6,2,1,7,3,4,0,5,6,1,0,4,4,7,8,9,8,0,2,4,1,9,3,7,3,1,8,4,2,3,4,7,7,2,3,3,8,6,3,3,3,7,8,1,3,7,7,1,2,7,6,8,5,3,7,6,8,5,2,8,8,9,7,1,4,6,8,0,0,0,6,5,4,0,2,1,6,4,0,5,4,9,0,4,2,5,2,5,3,7,5,9,4,2]","[1,1,0,1,1,0,0,1,0,1,0,0,0,0,0,1,0,0,0,1,0,0,0,0,0,0,0,0,0,0,0,1,1,0,0,0,0,0,0,1,0,0,0,0,0,0,0,0,0,0,0,0,0,0,0,0,0,0,0,0,0,0,0,1,0,1,1,0,0,0,0,0,0,0,0,0,0,0,0,1,0,0,0,0,0,0,0,0,0,0,0,0,0,0,0,0,0,0,0,0,0,0,0,0,0,0,0,0,0,0,0,0,0,0,0,0,0,0,0,0,0,0,0,0,0,0,0,0,0,0,0,1,0,1,0,0,0,0,0,0,0,0,0,0,0,0,0,0,0,0,0,0,0,0,0,0,0,0,0,1,1,0,0,0,0,0,0,0,0,0,0,0,0,0,0,0,0,0,0,0,0,0,0,0,0,0,0,0,0,0,0,0,0,0,0,0,0,0,0,0,0,0,0,0,0,0,0,0,0,0,0,0,0,0,0,0,0,0,0,0,0,0,0,0,0,0,0,0,0,0,0,0,0,0,0,0,0,0,0,0,0,0,0,0,0,0,0,0,0,0,0,0,0,0,0]","[-1.9731,2.93182,0.58218,5.2257,2.30603,0.378596,1.13868,-1.169,-3.16364,-2.40793,2.53364,-2.91539,-1.01271,-2.29239,-5.25408,1.18661,-5.31575,-0.680608,-4.64985,1.15897,5.67133,-1.22206,-0.943445,-4.45277,-2.01412,-1.10353,3.07888,-2.85693,2.54711,-3.57312,5.77616,-3.22808,-3.8333,-2.18739,4.58827,1.42362,4.88546,2.01089,-5.25637,0.590396,5.41958,-4.53206,0.622008,-3.10018,3.30065,1.8789,-0.692477,-4.28054,5.08392,3.13713,-1.96534,-1.6251,-2.27601,3.00753,5.91115,5.95782,1.97001,-5.72618,-0.0160055,4.28959,0.384563,4.93282,-3.23815,3.66227,-0.689903,5.64663,-3.46053,4.63869,2.98049,-1.55503,0.0856873,3.34491,3.40866,-5.06519,-4.32495,5.74541,4.52157,1.38055,2.50431,-1.71166,-5.35859,5.06375,-2.50392,-1.72873,0.613951,3.94096,5.31208,-0.633804,-5.71345,2.89825,2.28676,0.953334,3.55485,-2.19006,-4.35014,3.77773,1.5339,-4.18516,5.45479,3.5774,2.31265,-3.43065,-1.6897,-0.829647,-5.81969,-3.51347,-2.21164,3.66221,-0.0357431,0.985856,5.01992,-3.54198,1.80022,5.27821,-4.61618,-4.66133,-2.13397,2.52228,4.80151,-1.64112,-2.7325,4.86306,-1.93327,-3.33572,5.64161,-0.504568,-4.98031,-0.305489,-2.50599,-3.92015,-3.18561,0.532367,-3.47047,4.84148,3.24629,2.4681,-4.77205,-0.848444,3.00845,1.19411,0.884458,0.0128201,-0.6672,3.76525,1.16152,-5.23255,-3.15642,4.21523,3.64528,1.12954,-1.97548,-2.48061,5.15077,5.12166,2.04256,-3.55374,-1.43551,1.94225,-4.099,-5.87492,1.19191,1.24871,-1.44456,-0.791751,-2.43463,-5.68504,-5.28456,-3.99177,-4.74359,-3.75039,-4.0308,-2.597,0.732401,-1.6075,-3.96583,-2.05981,4.83594,0.759452,-3.02915,3.72456,3.62443,3.40438,-0.615267,4.71092,2.42062,-2.66198,2.61044,1.78281,2.86194,3.30714,-1.59586,-2.63528,3.24114,0.272531,-2.02757,-5.86352,-2.52908,5.97141,1.31771,1.39311,-4.721,-2.83809,1.37822,3.46822,0.883752,-1.04462,-3.89381,-2.38665,0.759347,-5.50122,-0.553104,-0.233598,-4.80794,1.09284,4.92311,0.372932,1.20017,-5.01802,4.27124,0.479586,2.18646,-0.388767,-3.82239,6.08478,6.03702,-2.80131,1.30886,2.70809,3.64465,-4.24891,-1.57309,0.0903034,3.22475,-5.55501,-0.27531,-5.48797,1.28722,-1.52962,-5.33623,1.76484,4.08438,4.60635,5.20008,-0.18415,-1.54166,1.53842,4.60807,4.67014,-2.12208,5.21696,5.05911,2.7702,-5.83645,3.11935,-5.29148]","[0,0,0,0,0,0,0,0,0,0,0,0,0,0,0,0,0,0,0,0,0,0,0,0,0,0,0,0,0,0,0,0,0,0,0,0,0,0,0,0,0,0,0,0,0,0,0,0,0,0,0,0,0,0,0,0,0,0,0,0,0,0,0,0,0,0,0,0,0,0,0,0,0,0,0,0,0,0,0,0,0,0,0,0,0,0,0,0,0,0,0,0,0,0,0,0,0,0,0,0,0,0,0,0,0,0,0,0,0,0,0,0,0,0,0,0,0,0,0,0,0,0,0,0,0,0,0,0,0,0,0,0,0,0,0,0,0,0,0,0,0,0,0,0,0,0,0,0,0,0,0,0,0,0,0,0,0,0,0,0,0,0,0,0,0,0,0,0,0,0,0,0,0,0,0,0,0,0,0,0,0,0,0,0,0,0,0,0,0,0,0,0,0,0,0,0,0,0,0,0,0,0,0,0,0,0,0,0,0,0,0,0,0,0,0,0,0,0,0,0,0,0,0,0,0,0,0,0,0,0,0,0,0,0,0,0,0,0,0,0,0,0,0,0,0,0,0,0,0,0,0,0,0,0,0]",sin((sin(sin((cos(x7) + (cos(x4) + cos(x2))))) + sin(sin(cos(sin((x8 / x4))))))),3.75329,[3.75329],0,
Running,28702,1,1.000006666,0.795326378,0.204680288,1024,2,modular_1,single_kernel_inplace,1024,666,9,2,7,modular,1,0,2811363264,4.373266884321894,2811363264,"[10,10,14,14,14,2,16,14,13,14,11,1,17,11,16,10,0,12,12,15,4,8,10,7,1,10,12,10,14,12,14,15,10,13,15,1,17,14,4,14,15,12,3,1,12,14,17,2,0,10,14,12,1,10,16,10,5,11,13,15,12,17,16,7,11,15,15,5,10,16,14,15,16,13,14,5,13,11,13,13,12,15,10,13,13,9,11,1,9,11,6,14,15,7,10,2,7,0,1,10,0,12,15,10,16,12,5,6,13,10,15,16,14,15,16,11,11,14,17,17,11,16,16,12,6,3,8,9,3,7,2,4,1,2,3,3,4,1,2,9,9,8,8,2,4,0,4,2,0,5,7,7,8,8,7,0,3,2,6,8,4,6,2,1,7,3,4,0,5,6,1,7,4,4,7,8,9,8,0,4,4,7,4,0,3,9,1,4,0,3,9,4,7,4,2,3,3,8,6,3,3,3,7,8,9,3,4,8,2,9,9,1,2,2,3,7,2,8,2,8,8,8,9,0,5,4,8,6,0,0,0,2,6,4,0,0,4,9,4,0,6,4,6,0,9,2,6,2,4,6,7,0,4,4,9]","[1,1,1,1,1,1,0,1,0,1,0,0,0,0,0,1,0,0,0,1,0,0,0,0,0,0,0,0,0,0,0,1,1,0,0,0,0,0,0,1,0,0,0,0,0,0,0,0,0,0,0,0,0,0,0,0,0,0,0,0,0,0,0,1,0,1,1,0,0,0,0,0,0,0,0,0,0,0,0,1,0,0,0,0,0,0,0,0,0,0,0,0,0,0,0,0,0,0,0,0,0,0,0,0,0,0,0,0,0,0,0,0,0,0,0,0,0,0,0,0,0,0,0,0,0,0,0,0,0,0,0,1,0,1,0,0,0,0,0,0,0,0,0,0,0,0,0,0,0,0,0,0,0,0,0,0,0,0,0,1,1,0,0,0,0,0,0,0,0,0,0,0,0,0,0,0,0,0,0,0,0,0,0,0,0,0,0,0,0,0,0,0,0,0,0,0,0,0,0,0,0,0,0,0,0,0,0,0,0,0,0,0,0,0,0,0,0,0,0,0,0,0,0,0,0,0,0,0,0,0,0,0,0,0,0,0,0,0,0,0,0,0,0,0,0,0,0,0,0,0,0,0,0,0,0]","[4.87006,2.93182,3.4916,5.2257,2.30603,5.35035,1.13868,-1.169,-3.16364,-2.40793,2.53364,4.55022,-1.01271,-2.29239,-5.25408,1.18661,-5.31575,-0.680608,-4.64985,1.15897,5.67133,-1.22206,1.71585,-4.45277,-2.01412,-1.10353,3.07888,-2.85693,2.54711,-3.57312,-5.69605,-3.22808,-3.8333,-2.18739,4.58827,5.7877,4.88546,2.01089,4.12287,0.590396,5.41958,-4.53206,0.622008,-3.10018,2.63897,2.7058,-6.06361,-4.28054,5.08392,3.13713,-1.96534,-1.6251,-2.27601,-3.72851,5.91115,5.95782,1.97001,-5.72618,-0.0160055,4.28959,1.24173,4.93282,1.57578,3.66227,-0.689903,5.64663,-3.46053,4.63869,2.98049,-2.63089,0.0856873,-3.58296,3.40866,-5.06519,-4.32495,-4.32758,4.52157,1.38055,0.856102,-1.71166,-5.35859,5.06375,-2.50392,-3.58012,0.613951,3.94096,5.31208,-0.633804,-5.71345,2.89825,-1.00373,-5.49141,2.31433,-1.05069,5.92041,3.77773,0.647397,-4.18516,5.45479,3.5774,2.31265,-3.43065,-1.6897,-0.829647,-5.81969,-3.51347,-2.21164,-2.24888,-0.0357431,3.31395,5.01992,-3.54198,-0.732319,-1.44119,-4.61618,-4.66133,-2.13397,-0.159924,-0.146737,-1.64112,-4.04829,1.30479,5.40953,-3.33572,1.23143,4.05163,-3.30536,-0.305489,-2.50599,-3.92015,-3.18561,0.532367,-3.47047,4.84148,3.24629,2.4681,-4.77205,-0.848444,3.00845,-4.81407,0.884458,0.0128201,-0.6672,-5.53816,2.66316,-5.23255,-3.15642,4.21523,3.64528,1.12954,-1.97548,-2.48061,5.15077,5.12166,2.04256,-3.55374,3.52984,-4.70689,-4.099,-5.87492,1.19191,1.24871,-1.44456,-0.791751,-2.43463,-5.68504,-5.28456,-3.99177,1.25836,-3.75039,-4.0308,0.140933,0.732401,-1.6075,-3.96583,-2.05981,4.83594,0.759452,-3.02915,3.02331,-0.844097,5.20448,-0.478516,3.38151,-0.237561,-3.71877,2.61044,-4.59811,2.90465,-3.82266,3.85767,-2.63528,3.24114,2.23357,-2.02757,-5.86352,-2.52908,5.97141,1.31771,1.39311,-4.721,-2.83809,1.37822,3.46822,5.26126,-1.04462,3.12028,-1.64097,-3.12901,0.258027,-4.37857,-3.34664,1.18417,-0.975394,0.769443,0.372932,-3.52375,-5.01802,-5.43081,2.79319,2.18646,-0.388767,-3.82239,-5.16587,-1.00098,-2.80131,5.47046,2.03705,3.64465,-4.24891,-1.57309,2.82097,-2.9162,-5.55501,-0.27531,-0.585269,0.704365,-0.398737,-5.33623,1.76484,0.550553,5.1111,1.85494,-0.18415,-5.67561,1.53842,3.89902,4.67014,3.38285,-0.14946,5.05911,-2.03247,0.842301,3.11935,-4.3972]","[0,0,0,0,0,0,0,0,0,0,0,0,0,0,0,0,0,0,0,0,0,0,0,0,0,0,0,0,0,0,0,0,0,0,0,0,0,0,0,0,0,0,0,0,0,0,0,0,0,0,0,0,0,0,0,0,0,0,0,0,0,0,0,0,0,0,0,0,0,0,0,0,0,0,0,0,0,0,0,0,0,0,0,0,0,0,0,0,0,0,0,0,0,0,0,0,0,0,0,0,0,0,0,0,0,0,0,0,0,0,0,0,0,0,0,0,0,0,0,0,0,0,0,0,0,0,0,0,0,0,0,0,0,0,0,0,0,0,0,0,0,0,0,0,0,0,0,0,0,0,0,0,0,0,0,0,0,0,0,0,0,0,0,0,0,0,0,0,0,0,0,0,0,0,0,0,0,0,0,0,0,0,0,0,0,0,0,0,0,0,0,0,0,0,0,0,0,0,0,0,0,0,0,0,0,0,0,0,0,0,0,0,0,0,0,0,0,0,0,0,0,0,0,0,0,0,0,0,0,0,0,0,0,0,0,0,0,0,0,0,0,0,0,0,0,0,0,0,0,0,0,0,0,0,0]",((sin(sin((cos(x7) + (cos(x4) + cos(x2))))) + sin(sin(cos(sin((x8 / x4)))))) + sin(x2)),3.54116,[3.54116],0,
Running,33840,1,1.1686480110000002,0.938334623,0.230313388,1024,2,modular_1,single_kernel_inplace,1024,666,9,2,7,modular,1,0,2811363264,4.373266884321894,2811363264,"[10,10,14,14,15,13,6,14,13,2,17,15,1,2,10,10,0,3,12,10,11,17,13,15,9,17,13,11,14,17,12,5,14,13,5,13,3,15,11,17,17,5,12,11,17,13,11,7,15,1,16,11,11,3,17,17,15,13,7,12,12,14,10,17,12,17,17,17,1,10,9,13,16,16,6,12,0,11,17,13,17,14,13,16,1,9,12,14,4,9,12,9,17,16,13,1,16,4,8,11,17,15,12,17,14,17,8,13,10,17,10,10,17,16,11,17,16,17,6,17,1,0,11,15,11,15,10,1,7,6,6,9,2,8,2,6,0,6,9,8,2,5,6,5,1,7,9,8,3,9,9,7,3,4,6,0,7,0,8,8,4,9,4,7,6,6,4,8,6,6,7,0,4,9,8,4,0,6,7,5,9,2,1,3,2,0,1,1,0,3,0,7,7,8,4,7,6,1,0,9,2,3,2,5,9,8,0,7,5,0,2,5,1,6,9,2,5,5,3,9,8,8,6,4,9,4,3,5,7,7,3,2,0,3,5,0,2,9,3,9,5,9,3,0,3,7,9,0,4,6,1,0,6,3,1]","[1,1,1,1,1,1,0,1,0,1,0,1,1,0,0,1,0,0,0,0,0,0,0,1,0,0,0,0,0,0,0,1,1,0,0,0,0,0,0,0,0,0,0,0,0,0,0,1,0,0,0,0,0,0,0,0,0,0,0,0,0,0,0,0,0,1,0,0,0,0,0,0,0,0,0,0,0,0,0,0,0,0,0,0,0,0,0,0,0,0,0,0,0,0,0,0,0,0,0,0,0,0,0,0,0,0,0,0,0,0,0,0,0,0,0,0,0,0,0,0,0,0,0,0,0,0,0,0,0,0,0,1,0,0,0,0,0,0,0,0,0,0,0,0,0,0,0,0,0,0,0,0,0,0,0,0,0,0,0,0,0,0,0,0,0,0,0,0,0,0,0,0,0,0,0,0,0,0,0,0,0,0,0,0,0,0,0,0,0,0,0,0,0,0,0,0,0,0,0,0,0,0,0,0,0,0,0,0,0,0,0,0,0,0,0,0,0,0,0,0,0,0,0,0,0,0,0,0,0,0,0,0,0,0,0,0,0,0,0,0,0,0,0,0,0,0,0,0,0,0,0,0,0,0,0]","[2.56951,-3.80132,3.92334,2.69781,-5.97865,2.81543,-3.62247,-1.169,-3.16364,-5.75482,2.54363,-4.98241,2.61149,-2.01272,-0.0205238,4.05157,-5.31575,3.16226,-4.64985,-3.18677,2.49033,-5.87404,-5.71751,-5.90864,-0.683522,-2.76806,4.80849,3.33052,5.73255,3.33764,2.9902,-5.60036,1.4029,0.707063,5.62071,3.66069,-5.53319,-4.30266,1.32551,1.36673,-0.778886,-4.3405,5.36247,3.12924,4.2554,-4.54676,1.73814,0.952511,-1.35608,2.13395,4.05901,3.78097,4.6404,-2.95578,2.56803,-1.92259,-2.2642,-4.17412,-3.77261,-0.807234,2.23853,4.32908,5.81666,0.165773,-3.12451,-4.42322,1.06774,5.16248,-1.10227,3.17114,-0.665693,1.56486,3.31521,0.372119,2.132,2.03215,-2.80887,1.38055,-0.205192,-1.71166,3.54785,-3.57678,1.49874,1.62737,-0.0201818,3.94096,2.29094,-5.59181,-1.90755,4.37821,0.237409,3.28301,3.60006,5.45506,-4.7417,-2.54088,4.29129,-5.57011,-0.741001,-3.59024,-5.12071,2.02271,-1.2222,3.47918,-5.34369,-4.19399,1.19783,-2.79239,3.50439,0.985856,-4.97931,3.8527,-0.480371,4.53697,2.90151,5.38584,-4.42363,-4.3648,5.98208,-5.97079,5.09387,4.56625,1.63743,2.4953,-3.8008,4.13465,-1.79748,-3.06043,-5.27701,2.51509,-0.279051,4.33501,2.75803,-3.24831,4.62518,-4.09763,-0.795458,-3.27022,0.573929,-3.05136,0.0972671,5.65832,-0.812069,-2.11477,2.41602,-4.26502,-3.03562,3.89534,-3.29018,3.11028,-2.30601,-3.05115,-5.69418,-3.11229,-5.36355,-3.55374,-1.43551,2.02739,3.25635,3.77605,1.19191,-1.8528,0.274929,0.725964,0.729144,-2.22202,-2.77907,2.88869,-1.26753,-0.609396,-3.53971,-2.597,0.732401,0.797558,3.93765,-2.93088,0.320816,-5.35881,-5.07177,2.14195,2.06819,4.82452,4.49299,-3.74617,2.97187,2.39717,-3.78427,2.95886,5.74327,-2.36922,3.59725,5.84374,4.23891,3.30814,-0.568195,0.972372,3.60534,2.23805,-1.89971,-2.20444,-1.70619,0.115651,-2.5065,0.234985,-5.00197,0.658234,-3.09656,-3.17901,-4.51179,-4.80447,1.17881,2.26131,-1.78459,5.25861,-4.97598,0.422185,2.36577,0.263733,-2.72256,-1.82145,2.18646,5.26785,5.49454,5.12632,-0.528726,0.216766,-2.9941,3.56663,-4.96272,-4.98902,3.40992,2.25494,0.646036,-2.7286,4.77837,3.32126,-0.407875,-0.398737,-4.07402,-1.72129,-5.51991,-3.59287,1.45457,1.78157,-4.1112,-3.85291,-1.55211,-4.94351,0.64788,-3.88329,1.38874,-2.71989,-0.89402,-0.178307,-3.7023]","[0,0,0,0,0,0,0,0,0,0,0,0,0,0,0,0,0,0,0,0,0,0,0,0,0,0,0,0,0,0,0,0,0,0,0,0,0,0,0,0,0,0,0,0,0,0,0,0,0,0,0,0,0,0,0,0,0,0,0,0,0,0,0,0,0,0,0,0,0,0,0,0,0,0,0,0,0,0,0,0,0,0,0,0,0,0,0,0,0,0,0,0,0,0,0,0,0,0,0,0,0,0,0,0,0,0,0,0,0,0,0,0,0,0,0,0,0,0,0,0,0,0,0,0,0,0,0,0,0,0,0,1,0,0,0,0,0,0,0,0,0,0,0,0,0,0,0,0,0,0,0,0,0,0,0,0,0,0,0,0,0,0,0,0,0,0,0,0,0,0,0,0,0,0,0,0,0,0,0,0,0,0,0,0,0,0,0,0,0,0,0,0,0,0,0,0,0,0,0,0,0,0,0,0,0,0,0,0,0,0,0,0,0,0,0,0,0,0,0,0,0,0,0,0,0,0,0,0,0,0,0,0,0,0,0,0,0,0,0,0,0,0,0,0,0,0,0,0,0,0,0,0,0,0,0]",((sin(sin((x5 + sin(sqrt(4.335008988488397))))) + cos(x2)) + sin((cos(cos(x7)) / x1))),3.50805,[3.50805],0,
Running,53001,2,1.747010083,1.420525358,0.326484725,1024,3,modular_1,single_kernel_inplace,1024,666,9,2,7,modular,1,0,2811363264,4.373266884321894,2811363264,"[10,10,14,14,15,13,15,14,16,2,14,15,1,10,12,10,9,13,5,17,6,14,17,0,16,8,17,10,4,15,12,5,14,16,14,10,13,15,15,14,15,13,14,13,8,14,12,12,15,10,7,10,1,12,10,16,16,14,5,16,15,17,14,7,1,17,16,11,13,3,15,7,12,17,14,12,4,16,14,17,12,0,10,7,15,14,11,17,12,7,5,2,15,5,2,2,14,15,17,11,10,2,10,14,7,17,9,6,12,16,14,4,0,10,17,14,1,2,0,10,15,15,15,17,10,10,6,9,3,0,2,0,7,0,5,3,6,6,2,3,6,4,5,3,8,3,7,9,7,3,7,4,2,3,9,0,4,2,3,3,9,6,2,6,6,9,4,6,0,6,3,0,7,1,3,0,3,5,3,7,1,3,0,7,6,1,6,3,5,9,9,4,0,1,2,6,9,5,4,0,1,9,0,5,4,2,2,5,4,7,9,7,8,2,5,7,3,8,1,1,1,0,0,5,7,1,0,4,2,1,6,0,1,8,8,4,4,6,2,6,1,2,0,7,7,4,8,1,1,4,7,6,2,2,2]","[1,1,1,1,1,1,0,1,0,1,0,1,1,0,0,1,0,0,0,0,0,0,0,1,0,0,0,0,0,0,0,1,1,0,0,0,0,0,0,0,0,0,0,0,0,0,0,0,0,0,0,0,0,0,0,0,0,0,0,0,0,0,0,0,0,1,0,0,0,0,0,0,0,0,0,0,0,0,0,0,0,0,0,0,0,0,0,0,0,0,0,0,0,0,0,0,0,0,0,0,0,0,0,0,0,0,0,0,0,0,0,0,0,0,0,0,0,0,0,0,0,0,0,0,0,0,0,0,0,0,0,1,0,0,0,0,0,0,0,0,0,0,0,0,0,0,0,0,0,0,0,0,0,0,0,0,0,0,0,0,0,0,0,0,0,0,0,0,0,0,0,0,0,0,0,0,0,0,0,0,0,0,0,0,0,0,0,0,0,0,0,0,0,0,0,0,0,0,0,0,0,0,0,0,0,0,0,0,0,0,0,0,0,0,0,0,0,0,0,0,0,0,0,0,0,0,0,0,0,0,0,0,0,0,0,0,0,0,0,0,0,0,0,0,0,0,0,0,0,0,0,0,0,0,0]","[2.56951,-3.80132,3.92334,2.69781,-5.97865,2.81543,-1.85067,-1.169,-2.87417,-5.75482,5.57039,-4.98241,2.61149,-2.53892,0.642659,4.05157,4.42977,-2.18699,-2.76425,2.67031,3.83094,-1.16118,-4.3546,2.04769,-5.69004,-0.914052,-0.914401,-4.41112,1.06993,2.90725,-1.40104,-5.60036,1.4029,-5.16684,3.74985,-0.646126,4.74109,-4.10273,4.14358,0.590396,5.41958,3.46841,-2.9263,5.6738,3.30065,-6.04803,5.72605,5.96648,-1.35608,-2.20442,5.20264,1.63073,-3.61759,-3.48137,-2.75997,-0.421391,-5.09073,-5.47548,-1.69085,-0.00682784,5.56941,-2.7869,1.56431,3.66227,-0.283535,-4.42322,-2.57085,4.09313,3.83603,0.0924623,0.327231,-6.05275,-0.833924,-5.91991,-4.32495,-4.2775,4.67328,-1.27273,0.821234,-3.36196,-5.35859,4.36103,-2.50392,-3.61647,1.20736,4.03041,0.953432,1.51181,5.45062,-3.47226,2.81638,1.33858,1.67205,0.96243,1.02592,3.77773,-3.67909,0.0916,-3.43444,-4.3932,-4.1981,2.71536,0.641476,-1.4721,-0.419769,3.02161,5.78265,6.05673,4.76171,1.24429,-2.50123,-3.77308,-1.56445,-4.13554,-0.902918,3.17302,1.08956,-3.60945,5.49578,-5.09568,-5.53517,5.01183,3.38103,-0.930488,-6.0204,-3.01965,-3.88178,-0.305489,-2.50599,4.24517,-0.96574,5.20459,-4.96264,-1.13393,-4.42924,2.95734,-1.34255,-5.34838,-2.27757,-5.03279,4.47642,-3.23888,-6.06209,0.591618,-3.86026,5.09826,-5.63821,2.96825,-5.53125,2.31822,-1.97548,1.25895,-3.99102,-5.18757,5.06081,4.10063,1.57813,3.31989,-3.95153,1.72072,3.27228,1.24871,-1.44456,5.39105,0.591956,-0.66327,-5.28456,-1.56261,4.01942,-1.5714,5.34561,-0.793867,-5.98451,-5.72917,-3.42052,3.36231,-2.28469,-1.81355,-1.14908,-3.14674,1.74442,1.30936,-3.71886,-1.9861,-1.09186,4.52505,-3.5899,0.661462,4.39072,1.30515,-1.95424,-2.63528,4.56593,-2.41732,-2.02757,-1.56249,-0.396917,5.65559,4.32104,1.02572,-3.09706,5.66943,2.78071,-2.21543,0.503178,-1.38267,-0.258088,-4.95748,-3.37289,-0.493399,5.98269,0.874411,-3.75798,0.75848,-3.40829,4.06908,-1.46309,-3.32083,2.6177,-0.63171,5.6699,3.01335,4.21745,5.65632,-2.94126,3.30248,1.24468,0.300743,-1.93949,-2.38542,-2.21704,-5.85266,3.26923,-0.21761,-4.02776,1.06193,1.42352,-2.53868,2.96904,-4.32491,0.232057,5.72502,-5.16209,3.76274,3.99285,1.34729,-5.98858,-2.0024,4.25309,-2.01405,5.15699,4.38493,1.54486,-2.02296,4.76842]","[0,0,0,0,0,0,0,0,0,0,0,0,0,0,0,0,0,0,0,0,0,0,0,0,0,0,0,0,0,0,0,0,0,0,0,0,0,0,0,0,0,0,0,0,0,0,0,0,0,0,0,0,0,0,0,0,0,0,0,0,0,0,0,0,0,0,0,0,0,0,0,0,0,0,0,0,0,0,0,0,0,0,0,0,0,0,0,0,0,0,0,0,0,0,0,0,0,0,0,0,0,0,0,0,0,0,0,0,0,0,0,0,0,0,0,0,0,0,0,0,0,0,0,0,0,0,0,0,0,0,0,0,0,0,0,0,0,0,0,0,0,0,0,0,0,0,0,0,0,0,0,0,0,0,0,0,0,0,0,0,0,0,0,0,0,0,0,0,0,0,0,0,0,0,0,0,0,0,0,0,0,0,0,0,0,0,0,0,0,0,0,0,0,0,0,0,0,0,0,0,0,0,0,0,0,0,0,0,0,0,0,0,0,0,0,0,0,0,0,0,0,0,0,0,0,0,0,0,0,0,0,0,0,0,0,0,0,0,0,0,0,0,0,0,0,0,0,0,0,0,0,0,0,0,0]",((sin(sin((x5 + sin(sqrt(x0))))) + cos(x2)) + sin((cos(x0) / x1))),3.2222,[3.2222],0,
Running,64530,2,2.001019835,1.620995376,0.380024459,1024,3,modular_1,single_kernel_inplace,1024,666,9,2,7,modular,1,0,2811363264,4.373266884321894,2811363264,"[10,10,14,14,15,13,15,14,16,2,14,15,1,10,12,10,9,13,13,17,6,14,17,0,6,10,16,10,13,15,13,5,0,16,14,10,13,16,15,14,15,13,14,13,8,14,12,15,15,10,15,17,12,11,13,16,16,17,11,16,15,17,3,0,16,15,15,11,13,3,15,7,11,17,14,12,9,16,14,17,12,0,10,7,15,14,11,17,12,7,5,2,15,5,2,12,1,16,17,11,13,13,14,13,16,13,16,15,16,13,9,4,0,10,17,6,1,4,15,10,15,15,15,17,10,14,10,8,5,3,8,8,1,2,2,3,6,8,2,3,6,4,5,3,8,3,7,9,7,3,7,4,2,7,4,0,4,2,3,3,9,6,2,6,4,9,4,6,0,6,3,0,7,1,3,0,3,5,3,7,1,3,0,7,6,1,6,3,5,9,9,0,1,3,2,0,4,6,4,0,1,3,4,1,4,1,4,6,3,2,0,2,8,7,2,0,8,2,7,6,5,4,7,2,7,3,0,0,3,1,2,8,1,2,8,4,2,9,8,6,1,2,0,7,9,7,8,5,0,4,7,6,2,2,2]","[1,1,1,1,1,1,0,1,0,1,0,1,1,0,0,1,0,0,0,0,0,0,0,1,0,0,0,0,0,0,0,1,1,0,0,0,0,0,0,0,0,0,0,0,0,0,0,0,0,0,0,0,0,0,0,0,0,0,0,0,0,0,0,0,0,0,0,0,0,0,0,0,0,0,0,0,0,0,0,0,0,0,0,0,0,0,0,0,0,0,0,0,0,0,0,0,0,0,0,0,0,0,0,0,0,0,0,0,0,0,0,0,0,0,0,0,0,0,0,0,0,0,0,0,0,0,0,0,0,0,0,0,0,0,0,0,0,0,0,0,0,0,0,0,0,0,0,0,0,0,0,0,0,0,0,0,0,0,0,0,0,0,0,0,0,0,0,0,0,0,0,0,0,0,0,0,0,0,0,0,0,0,0,0,0,0,0,0,0,0,0,0,0,0,0,0,0,0,0,0,0,0,0,0,0,0,0,0,0,0,0,0,0,0,0,0,0,0,0,0,0,0,0,0,0,0,0,0,0,0,0,0,0,0,0,0,0,0,0,0,0,0,0,0,0,0,0,0,0,0,0,0,0,0,0]","[2.56951,-3.80132,3.92334,2.69781,-5.97865,2.81543,-1.85067,-1.169,-2.87417,-5.75482,5.57039,-4.98241,2.61149,-2.53892,0.642659,4.05157,4.42977,-2.18699,-0.9239,2.67031,3.83094,-1.16118,-4.3546,2.04769,1.51056,1.58269,4.30281,-4.41112,0.762461,2.90725,-2.92503,-5.60036,0.73044,-5.16684,3.74985,-0.646126,4.74109,-1.98078,4.14358,0.590396,5.41958,3.46841,-2.9263,5.6738,3.30065,-6.04803,5.72605,-2.92926,-1.35608,-2.20442,5.88667,0.0239458,-4.42267,-5.34396,1.18231,-0.421391,-5.09073,-3.21191,3.55915,-0.00682784,5.56941,-2.7869,0.0505554,0.164612,-5.88508,5.64663,-2.77343,4.09313,3.83603,0.0924623,0.327231,-6.05275,-1.22957,-5.91991,-4.32495,-4.2775,3.113,-1.27273,0.821234,-3.36196,-5.35859,4.36103,-2.50392,-3.61647,1.20736,4.03041,0.953432,1.51181,5.45062,-3.47226,2.81638,1.33858,1.67205,0.96243,1.02592,-4.15336,3.5863,-1.46025,-3.43444,-4.3932,2.93665,3.13924,-0.136444,2.0099,-5.81969,0.597034,2.51896,5.14417,-5.62948,-1.19369,2.78904,-3.77308,-1.56445,-4.13554,-0.902918,-4.03535,1.08956,1.79241,0.861484,-5.09568,-5.53517,5.01183,3.38103,-0.930488,-6.0204,0.552522,0.391154,3.84264,-5.46407,3.13875,1.44349,-1.6604,-3.47047,-3.11874,3.66804,2.95734,-1.34255,4.28396,-2.27757,-5.03279,4.47642,-3.23888,-6.06209,0.591618,-3.86026,5.09826,-5.63821,2.96825,-5.53125,2.31822,-1.97548,1.25895,-3.99102,4.90297,-0.230378,4.10063,1.57813,3.31989,-3.95153,1.72072,3.27228,1.24871,-1.44456,5.39105,-4.97857,-0.66327,-5.28456,-1.56261,4.01942,-1.5714,5.34561,-0.793867,-5.98451,-5.72917,-3.42052,3.36231,-2.28469,-1.81355,-1.14908,-3.14674,1.74442,1.30936,-3.71886,-1.9861,-1.09186,4.52505,-3.5899,0.661462,4.39072,1.30515,-1.95424,-1.73817,3.04224,-3.82101,3.08829,-3.53516,-2.86435,2.28685,4.32104,1.02572,-3.09706,2.78935,-5.64092,2.92907,-5.5432,-1.46986,4.1045,5.01206,1.72116,-5.50122,-2.33915,1.41103,4.12628,-4.80685,-2.7204,5.81122,-5.40739,0.61025,-3.51943,4.06412,-4.9645,-5.96177,-2.90606,4.48261,-2.94126,-3.22373,1.24468,0.583129,-0.829194,-2.38542,0.996911,-3.30445,2.77681,-1.55648,-4.02776,1.06193,-2.30938,-4.89512,2.43553,-4.32491,0.232057,5.72502,-5.16209,3.76274,4.74674,-4.11544,-5.98858,2.85904,2.49434,-2.01405,5.15699,4.38493,1.54486,-2.02296,4.76842]","[0,0,0,0,0,0,0,0,0,0,0,0,0,0,0,0,0,0,0,0,0,0,0,0,0,0,0,0,0,0,0,0,0,0,0,0,0,0,0,0,0,0,0,0,0,0,0,0,0,0,0,0,0,0,0,0,0,0,0,0,0,0,0,0,0,0,0,0,0,0,0,0,0,0,0,0,0,0,0,0,0,0,0,0,0,0,0,0,0,0,0,0,0,0,0,0,0,0,0,0,0,0,0,0,0,0,0,0,0,0,0,0,0,0,0,0,0,0,0,0,0,0,0,0,0,0,0,0,0,0,0,0,0,0,0,0,0,0,0,0,0,0,0,0,0,0,0,0,0,0,0,0,0,0,0,0,0,0,0,0,0,0,0,0,0,0,0,0,0,0,0,0,0,0,0,0,0,0,0,0,0,0,0,0,0,0,0,0,0,0,0,0,0,0,0,0,0,0,0,0,0,0,0,0,0,0,0,0,0,0,0,0,0,0,0,0,0,0,0,0,0,0,0,0,0,0,0,0,0,0,0,0,0,0,0,0,0,0,0,0,0,0,0,0,0,0,0,0,0,0,0,0,0,0,0]",((sin(sin((x5 + x0))) + cos(x2)) + sin((cos(x0) / x1))),3.1634,[3.1634],0,
Running,67715,2,2.068274057,1.673520146,0.394753911,1024,3,modular_1,single_kernel_inplace,1024,666,9,2,7,modular,1,0,2811363264,4.373266884321894,2811363264,"[10,10,14,14,15,10,15,14,16,2,14,15,9,10,14,10,17,13,10,15,14,14,12,0,5,8,6,11,14,11,15,5,0,16,14,10,13,13,11,13,12,10,11,17,15,0,14,12,15,10,17,14,12,10,16,13,9,11,3,12,14,14,11,7,10,1,16,11,11,13,10,15,14,17,14,15,1,11,14,13,17,14,14,9,4,15,11,15,12,11,13,14,3,17,13,1,13,4,7,11,16,13,4,16,0,9,11,6,15,1,14,16,4,14,14,11,10,13,12,11,16,7,12,14,14,4,10,2,5,9,2,3,7,7,5,3,6,6,2,3,6,1,5,7,5,0,1,9,7,4,7,0,2,8,2,4,8,1,2,9,5,6,2,9,0,6,5,2,1,8,5,5,5,8,8,1,8,5,2,9,5,1,2,1,5,9,6,8,5,1,2,3,0,6,2,3,9,5,4,7,1,9,8,5,4,1,9,9,8,7,6,4,5,9,7,7,3,5,2,1,1,0,0,8,0,2,3,6,1,2,3,1,8,2,9,5,3,4,6,8,9,9,5,0,9,4,8,7,6,4,1,1,7,5,3]","[1,1,1,1,1,1,0,1,0,1,0,1,1,0,0,1,0,0,0,0,0,0,0,1,0,0,0,0,0,0,0,1,1,0,0,0,0,0,0,0,0,0,0,0,0,0,0,0,0,0,0,0,0,0,0,0,0,0,0,0,0,0,0,0,0,0,0,0,0,0,0,0,0,0,0,0,0,0,0,0,0,0,0,0,0,0,0,0,0,0,0,0,0,0,0,0,0,0,0,0,0,0,0,0,0,0,0,0,0,0,0,0,0,0,0,0,0,0,0,0,0,0,0,0,0,0,0,0,0,0,0,0,0,0,0,0,0,0,0,0,0,0,0,0,0,0,0,0,0,0,0,0,0,0,0,0,0,0,0,0,0,0,0,0,0,0,0,0,0,0,0,0,0,0,0,0,0,0,0,0,0,0,0,0,0,0,0,0,0,0,0,0,0,0,0,0,0,0,0,0,0,0,0,0,0,0,0,0,0,0,0,0,0,0,0,0,0,0,0,0,0,0,0,0,0,0,0,0,0,0,0,0,0,0,0,0,0,0,0,0,0,0,0,0,0,0,0,0,0,0,0,0,0,0,0]","[2.56951,-3.80132,5.01831,2.69781,-5.97865,-1.04333,-1.85067,-1.169,-2.87417,-5.75482,5.57039,-4.98241,0.108739,-2.53892,1.19926,4.05157,-4.31396,-2.18699,-5.34453,1.15897,-2.53675,0.918575,-3.74657,2.04769,-3.59936,-0.914052,4.52133,-4.13309,2.54711,2.41802,-1.82139,-5.60036,-3.60552,-5.16684,1.18446,1.42362,4.74109,-0.893925,0.368417,-5.30093,3.24166,-4.56839,3.65663,1.76067,-5.90641,-5.26274,3.59136,5.96648,-1.35608,-2.20442,-1.01974,3.83439,2.97651,3.80281,-5.7638,5.99538,5.03737,-5.72618,5.11966,-0.440393,-0.66501,3.53781,2.82196,3.66227,3.54123,3.35126,-2.57085,4.09313,-3.61768,-4.68867,0.640723,-0.359211,-5.63437,-5.91991,-4.32495,2.09233,-5.79146,1.90783,-0.415612,2.04133,3.66506,-2.2371,-2.64685,5.44352,-5.18539,-5.60985,-1.39579,2.49285,-3.91077,-2.51158,5.24501,4.64642,-5.55451,3.39474,-4.27166,3.02587,-2.96034,5.18412,5.69423,-4.3932,-5.42998,1.93883,-1.58449,-2.25289,2.61883,-2.59517,1.05757,6.05673,5.94277,-4.89462,-2.50123,1.80698,-1.39694,4.2008,-4.57024,-4.66133,-0.708277,-1.80786,-5.09484,3.73245,-1.33942,-2.74643,3.22744,1.11453,1.83371,-3.17483,-2.77835,-3.0331,0.636581,3.82967,-5.70684,2.83313,5.71822,3.27183,-4.42924,2.95734,-1.34255,-5.34838,4.37577,-5.03279,4.47642,1.17756,-6.06209,3.76525,1.16152,-5.23255,2.48334,2.96825,-5.53125,3.84703,-1.97548,5.91951,-3.99102,-2.61659,1.79198,-1.40735,2.14994,-1.00776,0.337191,1.99518,4.44008,-4.55676,5.56298,0.615092,0.759138,5.19936,2.50982,2.52531,-1.79802,5.85658,-3.16594,-2.8961,4.29006,-1.87079,-0.586762,6.05094,-5.11215,-1.81355,4.25749,1.49088,-2.80563,-2.28478,1.91076,-2.96096,3.81953,3.38322,-3.5899,-3.25889,0.751358,-5.42531,-3.71175,3.24093,-4.94634,-5.33428,-2.02757,-3.92953,-0.396917,5.65559,4.32104,3.46259,-3.09706,5.09946,4.08431,-2.21543,0.503178,-4.46456,-5.91443,0.976176,-0.771494,-0.493399,2.47609,0.507237,3.31982,2.26298,-1.60662,4.06908,-1.46309,2.84759,-4.31541,-0.63171,5.6699,3.01335,-0.498843,-3.72782,5.40952,-3.11613,3.99054,1.17976,-1.03782,-1.16015,-2.56422,1.09498,3.34578,-1.40753,2.12117,-4.35051,-1.51421,-5.60029,3.25092,-2.67236,-2.46921,-4.78889,3.77416,-4.11214,1.35726,1.08538,3.07503,-3.57659,-5.33443,2.45267,-3.20062,2.20168,-5.56906,1.7905,-0.58629]","[0,0,0,0,0,0,0,0,0,0,0,0,1,0,0,0,0,0,0,0,0,0,0,0,0,0,0,0,0,0,0,0,0,0,0,0,0,0,0,0,0,0,0,0,0,0,0,0,0,0,0,0,0,0,0,0,0,0,0,0,0,0,0,0,0,0,0,0,0,0,0,0,0,0,0,0,0,0,0,0,0,0,0,0,0,0,0,0,0,0,0,0,0,0,0,0,0,0,0,0,0,0,0,0,0,0,0,0,0,0,0,0,0,0,0,0,0,0,0,0,0,0,0,0,0,0,0,0,0,0,0,0,0,0,0,0,0,0,0,0,0,0,0,0,0,0,0,0,0,0,0,0,0,0,0,0,0,0,0,0,0,0,0,0,0,0,0,0,0,0,0,0,0,0,0,0,0,0,0,0,0,0,0,0,0,0,0,0,0,0,0,0,0,0,0,0,0,0,0,0,0,0,0,0,0,0,0,0,0,0,0,0,0,0,0,0,0,0,0,0,0,0,0,0,0,0,0,0,0,0,0,0,0,0,0,0,0,0,0,0,0,0,0,0,0,0,0,0,0,0,0,0,0,0,0]",((sin(sin((x5 + x0))) + cos(x2)) + sin((cos(x0) + 0.10873905641602732))),3.10968,[3.10968],0,
Running,133324,4,3.451323615,2.728609066,0.722714549,1024,5,modular_1,single_kernel_inplace,1024,666,9,2,7,modular,1,0,2811363264,4.373266884321894,2811363264,"[10,10,14,14,14,14,4,14,16,14,11,10,12,17,17,10,1,15,10,10,14,1,12,0,1,14,17,11,11,15,3,15,10,13,11,13,8,10,15,0,5,14,8,4,6,11,9,12,17,13,14,9,10,14,1,13,17,14,5,7,15,14,12,7,17,15,15,11,17,2,4,3,14,2,5,14,14,2,14,17,17,5,13,16,16,12,1,10,16,0,12,10,15,3,10,5,15,16,3,14,10,2,1,17,14,14,17,17,12,16,17,15,9,14,5,14,1,13,0,17,13,15,9,16,16,1,3,1,0,5,1,6,1,2,2,6,3,9,5,3,2,9,8,7,8,2,8,4,4,0,1,2,2,1,9,7,3,3,8,2,9,3,2,4,4,9,9,5,4,5,7,2,9,3,5,6,1,6,9,9,9,3,6,3,1,6,8,8,7,1,3,4,0,2,7,2,5,2,1,7,4,5,3,8,4,9,4,9,4,7,7,7,8,1,5,9,4,9,5,2,3,8,1,7,0,4,9,5,0,4,4,1,7,8,1,6,2,8,3,5,8,8,3,7,1,9,0,2,5,8,0,6,4,5,3]","[1,1,1,1,1,1,0,1,0,1,0,1,0,0,0,1,0,0,0,1,0,0,0,1,1,0,0,0,0,0,0,1,1,0,0,0,0,0,0,1,1,0,0,0,0,0,0,0,0,0,0,0,0,0,0,0,0,0,0,0,0,0,0,1,0,1,1,0,0,0,0,0,0,0,0,0,0,0,0,0,0,0,0,0,0,0,0,0,0,0,0,0,0,0,0,0,0,0,0,0,0,0,0,0,0,0,0,0,0,0,0,0,0,0,0,0,0,0,0,0,0,0,0,0,0,0,0,0,0,0,0,1,0,1,0,0,0,0,0,0,0,0,0,0,0,0,0,0,0,0,0,0,0,0,0,0,0,0,0,0,0,0,0,0,0,0,0,0,0,0,0,0,0,0,0,0,0,0,0,0,0,0,0,0,0,0,0,0,0,0,0,0,0,0,0,0,0,0,0,0,0,0,0,0,0,0,0,0,0,0,0,0,0,0,0,0,0,0,0,0,0,0,0,0,0,0,0,0,0,0,0,0,0,0,0,0,0,0,0,0,0,0,0,0,0,0,0,0,0,0,0,0,0,0,0]","[2.56951,2.93182,3.92334,2.69781,2.30603,0.378596,-3.69174,-1.169,-2.87417,-2.40793,2.53364,-4.87001,5.87244,-0.273483,1.02168,1.18661,5.97969,-2.37117,4.30239,1.6554,2.35081,4.14732,1.13379,2.04769,-4.01526,-2.74951,3.0663,-4.57793,4.92937,2.90725,-5.88285,-3.22808,-3.8333,-2.17308,1.35626,-5.92227,-2.2983,-1.24585,4.14358,-1.4166,-2.96732,4.64488,-0.0309474,-1.93922,-1.43931,1.8789,-3.6355,5.96648,2.01435,-6.05869,-1.96534,-3.86006,3.79015,4.3445,-2.12884,-0.431232,-5.725,-5.47548,-1.69085,-2.98529,5.56941,-2.37693,-2.53038,3.66227,5.39176,5.64663,-3.46053,2.3949,0.419911,-4.26193,2.57049,3.34491,-2.9846,-5.05235,5.4295,-5.67978,-3.44398,2.9675,-2.92828,-2.42647,1.1017,4.59135,-0.254339,5.41942,-3.2615,-0.753708,5.81388,-2.7372,-2.58533,3.97815,-6.05284,4.74557,5.3166,3.52517,-2.34029,4.21651,-1.98816,-5.12144,-5.96077,-1.46818,-5.67897,4.76275,1.45385,-3.71393,2.67022,-1.87108,-0.743236,5.62078,-5.92068,5.44674,3.22442,-5.70405,-2.11162,-3.45884,-0.597991,3.17302,1.08956,-1.48641,5.49578,3.32482,3.33985,5.01183,-3.02676,3.68958,4.2143,1.71308,-2.37095,4.22929,-1.77254,-3.97874,5.58541,-2.05872,-3.47047,4.84148,5.55123,4.84767,-3.72186,4.36407,-4.9856,-5.03279,2.49868,4.14985,-0.6672,3.76525,0.354693,-4.23693,2.16757,5.63357,-4.05075,2.68339,2.58006,-0.939548,-3.99102,-0.267612,-1.96929,5.98897,5.03267,-3.97964,2.46639,3.36102,5.79996,3.93716,2.16735,0.0950006,-0.40291,2.72087,0.622214,-1.47091,2.96152,3.98439,6.06577,-2.82329,4.61636,-5.4368,1.93293,0.381433,-2.75274,3.60718,-4.37761,-2.64449,-4.72122,1.97513,5.61102,4.71092,-2.41229,-2.24968,2.74673,-0.184863,2.16337,-3.25753,-1.93475,-2.63528,4.56593,3.4569,4.47465,4.62204,3.12645,0.371515,2.76457,-4.65522,-1.98581,4.07916,-2.31652,-1.80173,5.57972,1.06066,-0.396752,0.976176,1.18948,-0.493399,2.77283,0.382433,-4.19785,4.07235,-3.40829,0.190284,5.6644,-4.83982,-1.24386,2.29572,2.13589,1.50713,-1.25787,2.40593,2.06447,-1.81881,0.314034,1.46082,3.02959,-3.65518,-2.73517,0.238032,1.27454,-0.21761,2.31118,-4.69944,3.53009,4.15897,5.85401,3.61998,-0.29811,3.94215,-5.0434,3.76274,-2.5164,2.46422,0.983495,2.52106,5.35061,-2.74294,4.58854,1.73204,-2.45841,2.15282,5.40981]","[0,0,0,0,0,0,0,0,0,0,0,0,0,0,0,0,0,0,0,0,0,0,0,0,0,0,0,0,0,0,0,0,0,0,0,0,0,0,0,0,0,0,0,0,0,0,0,0,0,0,0,0,0,0,0,0,0,0,0,0,0,0,0,0,0,0,0,0,0,0,0,0,0,0,0,0,0,0,0,0,0,0,0,0,0,0,0,0,0,0,0,0,0,0,0,0,0,0,0,0,0,0,0,0,0,0,0,0,0,0,0,0,0,0,0,0,0,0,0,0,0,0,0,0,0,0,0,0,0,0,0,0,0,0,0,0,0,0,0,0,0,0,0,0,0,0,0,0,0,0,0,0,0,0,0,0,0,0,0,0,0,0,0,0,0,0,0,0,0,0,0,0,0,0,0,0,0,0,0,0,0,0,0,0,0,0,0,0,0,0,0,0,0,0,0,0,0,0,0,0,0,0,0,0,0,0,0,0,0,0,0,0,0,0,0,0,0,0,0,0,0,0,0,0,0,0,0,0,0,0,0,0,0,0,0,0,0,0,0,0,0,0,0,0,0,0,0,0,0,0,0,0,0,0,0]",((sin(sin((cos(x7) + (cos(x6) + cos(x2))))) + sin(sin((x0 + x5)))) + sin(sin((x0 + x1)))),2.51726,[2.51726],0,
Running,135475,4,3.498008654,2.764146759,0.733861895,1024,5,modular_1,single_kernel_inplace,1024,666,9,2,7,modular,1,0,2811363264,4.373266884321894,2811363264,"[10,10,14,14,14,14,4,14,16,14,11,10,12,17,17,10,1,15,10,10,14,1,12,0,1,14,17,11,11,15,3,15,10,13,11,13,8,10,15,0,5,14,8,4,6,11,9,12,17,13,14,9,10,14,1,13,17,14,5,7,15,14,12,7,17,15,15,11,17,2,4,3,14,2,5,14,14,2,14,17,17,5,13,16,16,12,1,10,16,0,12,10,15,3,10,5,15,16,3,14,10,2,1,17,14,14,17,17,12,16,17,15,9,14,5,14,1,13,0,17,13,15,9,16,16,1,3,1,0,5,1,6,1,2,2,6,3,9,5,3,2,9,8,7,8,2,8,4,4,0,1,2,2,1,9,7,3,3,8,2,9,3,2,4,4,9,9,5,4,5,7,2,9,3,5,6,1,6,9,9,9,3,6,3,1,6,8,8,7,1,3,4,0,2,7,2,5,2,1,7,4,5,3,8,4,9,4,9,4,7,7,7,8,1,5,9,4,9,5,2,3,8,1,7,0,4,9,5,0,4,4,1,7,8,1,6,2,8,3,5,8,8,3,7,1,9,0,2,5,8,0,6,4,5,3]","[1,1,1,1,1,1,0,1,0,1,0,1,0,0,0,1,0,0,0,1,0,0,0,1,1,0,0,0,0,0,0,1,1,0,0,0,0,0,0,1,1,0,0,0,0,0,0,0,0,0,0,0,0,0,0,0,0,0,0,0,0,0,0,1,0,1,1,0,0,0,0,0,0,0,0,0,0,0,0,0,0,0,0,0,0,0,0,0,0,0,0,0,0,0,0,0,0,0,0,0,0,0,0,0,0,0,0,0,0,0,0,0,0,0,0,0,0,0,0,0,0,0,0,0,0,0,0,0,0,0,0,1,0,1,0,0,0,0,0,0,0,0,0,0,0,0,0,0,0,0,0,0,0,0,0,0,0,0,0,0,0,0,0,0,0,0,0,0,0,0,0,0,0,0,0,0,0,0,0,0,0,0,0,0,0,0,0,0,0,0,0,0,0,0,0,0,0,0,0,0,0,0,0,0,0,0,0,0,0,0,0,0,0,0,0,0,0,0,0,0,0,0,0,0,0,0,0,0,0,0,0,0,0,0,0,0,0,0,0,0,0,0,0,0,0,0,0,0,0,0,0,0,0,0,0]","[2.56951,2.93182,3.92334,2.69781,2.30603,0.378596,-3.69174,-1.169,-2.87417,-2.40793,2.53364,-4.87001,5.87244,-0.273483,1.02168,1.18661,5.97969,-2.37117,4.30239,1.6554,2.35081,4.14732,1.13379,2.04769,-4.01526,-2.74951,3.0663,-4.57793,4.92937,2.90725,-5.88285,-3.22808,-3.8333,-2.17308,1.35626,-5.92227,-2.2983,-1.24585,4.14358,-1.4166,-2.96732,4.64488,-0.0309474,-1.93922,-1.43931,1.8789,-3.6355,5.96648,2.01435,-6.05869,-1.96534,-3.86006,3.79015,4.3445,-2.12884,-0.431232,-5.725,-5.47548,-1.69085,-2.98529,5.56941,-2.37693,-2.53038,3.66227,5.39176,5.64663,-3.46053,2.3949,0.419911,-4.26193,2.57049,3.34491,-2.9846,-5.05235,5.4295,-5.67978,-3.44398,2.9675,-2.92828,-2.42647,1.1017,4.59135,-0.254339,5.41942,-3.2615,-0.753708,5.81388,-2.7372,-2.58533,3.97815,-6.05284,4.74557,5.3166,3.52517,-2.34029,4.21651,-1.98816,-5.12144,-5.96077,-1.46818,-5.67897,4.76275,1.45385,-3.71393,2.67022,-1.87108,-0.743236,5.62078,-5.92068,5.44674,3.22442,-5.70405,-2.11162,-3.45884,-0.597991,3.17302,1.08956,-1.48641,5.49578,3.32482,3.33985,5.01183,-3.02676,3.68958,4.2143,1.71308,-2.37095,4.22929,-1.77254,-3.97874,5.58541,-2.05872,-3.47047,4.84148,5.55123,4.84767,-3.72186,4.36407,-4.9856,-5.03279,2.49868,4.14985,-0.6672,3.76525,0.354693,-4.23693,2.16757,5.63357,-4.05075,2.68339,2.58006,-0.939548,-3.99102,-0.267612,-1.96929,5.98897,5.03267,-3.97964,2.46639,3.36102,5.79996,3.93716,2.16735,0.0950006,-0.40291,2.72087,0.622214,-1.47091,2.96152,3.98439,6.06577,-2.82329,4.61636,-5.4368,1.93293,0.381433,-2.75274,3.60718,-4.37761,-2.64449,-4.72122,1.97513,5.61102,4.71092,-2.41229,-2.24968,2.74673,-0.184863,2.16337,-3.25753,-1.93475,-2.63528,4.56593,3.4569,4.47465,4.62204,3.12645,0.371515,2.76457,-4.65522,-1.98581,4.07916,-2.31652,-1.80173,5.57972,1.06066,-0.396752,0.976176,1.18948,-0.493399,2.77283,0.382433,-4.19785,4.07235,-3.40829,0.190284,5.6644,-4.83982,-1.24386,2.29572,2.13589,1.50713,-1.25787,2.40593,2.06447,-1.81881,0.314034,1.46082,3.02959,-3.65518,-2.73517,0.238032,1.27454,-0.21761,2.31118,-4.69944,3.53009,4.15897,5.85401,3.61998,-0.29811,3.94215,-5.0434,3.76274,-2.5164,2.46422,0.983495,2.52106,5.35061,-2.74294,4.58854,1.73204,-2.45841,2.15282,5.40981]","[0,0,0,0,0,0,0,0,0,0,0,0,0,0,0,0,0,0,0,0,0,0,0,0,0,0,0,0,0,0,0,0,0,0,0,0,0,0,0,0,0,0,0,0,0,0,0,0,0,0,0,0,0,0,0,0,0,0,0,0,0,0,0,0,0,0,0,0,0,0,0,0,0,0,0,0,0,0,0,0,0,0,0,0,0,0,0,0,0,0,0,0,0,0,0,0,0,0,0,0,0,0,0,0,0,0,0,0,0,0,0,0,0,0,0,0,0,0,0,0,0,0,0,0,0,0,0,0,0,0,0,0,0,0,0,0,0,0,0,0,0,0,0,0,0,0,0,0,0,0,0,0,0,0,0,0,0,0,0,0,0,0,0,0,0,0,0,0,0,0,0,0,0,0,0,0,0,0,0,0,0,0,0,0,0,0,0,0,0,0,0,0,0,0,0,0,0,0,0,0,0,0,0,0,0,0,0,0,0,0,0,0,0,0,0,0,0,0,0,0,0,0,0,0,0,0,0,0,0,0,0,0,0,0,0,0,0,0,0,0,0,0,0,0,0,0,0,0,0,0,0,0,0,0,0]",((sin(sin((cos(x7) + (cos(x6) + cos(x2))))) + sin(sin((x0 + x5)))) + sin(sin((x0 + x1)))),2.51726,[2.51726],0,
Running,159158,4,4.003126719,3.144705143,0.858421576,1024,5,modular_1,single_kernel_inplace,1024,666,9,2,7,modular,1,0,2811363264,4.373266884321894,2811363264,"[10,10,14,14,14,14,13,10,16,14,11,10,1,17,13,10,15,15,13,10,17,14,3,0,1,10,16,16,11,7,15,15,10,8,6,10,17,10,14,0,3,15,1,11,9,13,13,12,11,11,14,0,13,14,6,16,9,12,13,17,17,3,11,7,16,15,15,14,15,15,3,2,13,3,15,12,16,11,14,16,13,12,9,3,13,9,7,12,17,5,10,16,15,17,15,2,10,0,3,11,10,15,10,6,15,10,12,16,17,1,16,16,0,10,15,12,1,13,12,17,15,5,15,12,13,1,12,9,3,3,3,6,2,2,8,9,2,6,2,4,7,1,4,2,6,4,7,8,6,5,3,5,2,8,7,4,2,2,3,3,2,2,2,2,5,4,4,6,4,3,5,4,4,4,2,6,7,9,7,7,6,2,4,7,5,6,7,8,6,2,5,4,1,2,3,3,9,6,1,5,9,7,4,5,4,6,4,4,2,9,2,4,8,8,3,6,4,4,1,2,7,4,0,8,0,6,0,4,5,4,5,2,5,5,4,4,4,5,5,9,8,2,3,1,4,3,4,5,0,1,0,6,4,1,2]","[1,1,1,1,1,1,0,1,0,1,0,1,0,0,0,1,1,0,0,1,0,0,0,1,1,0,0,0,0,0,0,1,1,1,0,0,0,0,0,1,1,0,0,0,0,0,0,0,0,0,0,0,0,0,0,0,0,0,0,0,0,0,0,1,0,1,1,0,0,0,0,0,0,0,0,0,0,0,0,0,0,0,0,0,0,0,0,0,0,0,0,0,0,0,0,0,0,0,0,0,0,0,0,0,0,0,0,0,0,0,0,0,0,0,0,0,0,0,0,0,0,0,0,0,0,0,0,0,0,0,0,1,0,1,0,0,0,0,0,0,0,0,0,0,0,0,0,0,0,0,0,0,0,0,0,0,0,0,0,0,0,0,0,0,0,0,0,0,0,0,0,0,0,0,0,0,0,0,0,0,0,0,0,0,0,0,0,0,0,0,0,0,0,0,0,0,0,0,0,0,0,0,0,0,0,0,0,0,0,0,0,0,0,0,0,0,0,0,0,0,0,0,0,0,0,0,0,0,0,0,0,0,0,0,0,0,0,0,0,0,0,0,0,0,0,0,0,0,0,0,0,0,0,0,0]","[2.56951,-3.80132,3.92334,5.2257,2.30603,0.378596,5.59804,0.412573,-2.87417,-2.40793,2.53364,-4.87001,2.61149,-0.273483,0.0738084,1.18661,-2.50821,0.308075,-5.80713,0.671326,-5.64379,-4.92422,-0.943445,2.04769,-4.01526,1.53775,2.46271,-1.79534,4.92937,4.45403,-3.68026,3.7263,-3.8333,-0.438212,-0.752683,-0.646126,-1.18331,1.37799,-3.58062,1.9402,-0.77493,-1.12743,-5.59424,-5.40616,5.06233,-1.67316,-0.444003,5.96648,-0.382413,5.67786,-1.96534,-0.423589,2.32738,4.3445,1.23172,-0.421391,0.139368,-3.18261,-1.49157,-0.552136,-3.58795,-2.00167,-0.0659521,3.66227,-2.02197,5.64663,-3.46053,1.00148,3.20557,3.98292,5.36507,0.208187,2.43732,-4.53117,-4.03804,-4.2775,2.07449,4.96361,0.821234,-5.03039,-2.98025,-1.65654,5.39204,-3.38263,3.846,-0.00495303,-2.90243,0.188647,-5.70244,3.03226,2.95926,1.15979,5.3166,-3.57427,-2.86821,3.77773,3.65014,-4.18516,-5.96077,-2.6114,0.41687,3.6888,0.641476,5.56405,0.0634335,-1.60362,-3.55861,-0.966569,-4.42739,-3.60395,5.88169,-1.68935,-1.56445,1.29454,-0.0743926,-5.0656,1.08956,5.72566,1.13829,0.638684,-4.91061,-5.22816,3.38103,-0.570683,5.64161,1.71308,-2.81486,-0.305489,2.62512,-4.3317,-2.84249,-1.70648,-1.09764,0.43662,2.70871,5.75515,-4.88919,2.65013,3.00845,1.19411,-0.495984,3.8746,-3.89256,4.45318,-4.02151,1.20375,-0.143203,5.46728,0.0708189,2.54655,0.271457,2.24112,-3.99102,4.63676,2.04256,3.79303,-1.46437,3.31989,-3.95153,1.72072,-5.4285,2.88257,-0.964179,-0.168017,-4.05143,-1.88,4.41954,4.47055,0.777912,-0.73134,1.44084,-3.54886,-5.64647,2.51634,-2.31989,-2.0982,-3.90473,-3.5108,-2.26409,6.05646,-5.67747,-5.83254,3.52019,-0.325671,4.57791,-2.24968,-1.80596,-2.3769,1.21622,3.30714,-4.04929,-2.63528,-0.220342,-0.684798,-2.88535,5.39255,0.795051,-2.94967,2.76457,2.8994,5.32561,-3.07159,0.725448,0.234985,0.503178,-4.92974,-4.24619,2.859,-6.07145,2.39588,3.30224,2.26705,5.76828,-2.62513,-2.59935,-0.841127,5.16894,-3.62323,-1.13307,0.479586,3.34414,4.3834,0.487412,4.50984,-5.81639,5.52947,1.24468,2.91654,-3.73044,-3.65518,-4.25023,6.01194,3.22475,-3.29919,5.17882,1.06193,1.42352,5.3478,4.75732,4.53361,1.54251,5.72502,2.07396,-2.45993,-5.83672,-6.06225,-4.52786,-6.04909,-3.49254,0.0277798,0.439917,1.73204,-2.45841,0.878282,-5.29148]","[0,0,0,0,0,0,0,0,0,0,0,0,0,0,0,0,0,0,0,0,0,0,0,0,0,0,0,0,0,0,0,0,0,0,0,0,0,0,0,0,0,0,0,0,0,0,0,0,0,0,0,0,0,0,0,0,0,0,0,0,0,0,0,0,0,0,0,0,0,0,0,0,0,0,0,0,0,0,0,0,0,0,0,0,0,0,0,0,0,0,0,0,0,0,0,0,0,0,0,0,0,0,0,0,0,0,0,0,0,0,0,0,0,0,0,0,0,0,0,0,0,0,0,0,0,0,0,0,0,0,0,0,0,0,0,0,0,0,0,0,0,0,0,0,0,0,0,0,0,0,0,0,0,0,0,0,0,0,0,0,0,0,0,0,0,0,0,0,0,0,0,0,0,0,0,0,0,0,0,0,0,0,0,0,0,0,0,0,0,0,0,0,0,0,0,0,0,0,0,0,0,0,0,0,0,0,0,0,0,0,0,0,0,0,0,0,0,0,0,0,0,0,0,0,0,0,0,0,0,0,0,0,0,0,0,0,0,0,0,0,0,0,0,0,0,0,0,0,0,0,0,0,0,0,0]",((sin(((cos(x7) + (cos(x6) + cos(x2))) + cos(x8))) + sin(sin((x0 + x3)))) + sin(sin((x0 + x1)))),2.47679,[2.47679],0,
Running,271008,7,6.946833981,5.369727784,1.577106197,1024,8,modular_1,single_kernel_inplace,1024,666,9,2,7,modular,1,0,2811363264,4.373266884321894,2811363264,"[10,10,14,14,11,14,14,10,16,14,14,10,12,7,11,10,15,12,10,10,12,11,12,0,1,8,10,11,14,15,13,15,14,8,13,10,5,15,14,14,12,16,17,14,5,14,15,13,11,7,7,14,12,7,17,3,13,16,5,7,11,13,1,10,2,10,15,17,10,14,4,13,15,13,12,4,16,6,14,10,11,15,17,16,13,9,7,15,15,11,16,11,16,0,6,12,3,15,13,13,16,2,14,14,15,12,5,10,3,10,16,9,12,12,12,9,10,3,13,12,10,15,17,12,3,4,3,9,7,7,3,4,0,4,2,8,4,1,8,3,0,9,7,6,2,6,7,1,5,8,2,2,4,5,6,4,1,0,3,2,0,0,3,3,3,0,4,6,3,0,2,0,8,7,5,9,6,7,0,6,5,6,0,2,5,8,1,0,2,8,3,0,6,6,7,3,6,2,3,3,7,5,0,3,2,2,9,9,2,8,6,8,4,2,8,3,9,0,2,8,9,8,0,4,0,7,0,6,2,2,5,4,3,5,8,9,8,4,4,0,1,6,0,1,3,1,4,7,9,1,2,0,8,2,3]","[1,1,1,1,1,1,0,1,0,1,1,1,0,0,0,1,1,0,0,1,0,1,0,1,1,0,0,0,0,0,0,1,1,1,0,0,0,0,0,1,1,0,0,1,1,0,0,0,0,0,0,0,0,0,0,0,0,0,0,0,0,0,0,1,0,1,0,0,0,0,0,0,0,0,0,0,0,0,0,1,0,1,1,0,0,0,0,1,0,0,0,0,0,0,0,0,0,0,0,0,0,0,0,0,0,0,0,0,0,0,0,0,0,0,0,0,0,0,0,0,0,0,0,0,0,0,0,1,1,0,0,1,1,0,0,0,0,0,0,0,0,0,0,0,0,0,0,0,0,0,0,0,0,0,0,0,0,0,0,1,1,0,0,1,0,1,0,0,0,0,0,0,0,0,0,1,0,0,0,0,0,0,0,0,0,0,0,0,0,0,0,0,0,0,0,0,0,0,0,0,0,0,0,0,0,0,0,0,0,0,0,0,0,0,0,0,0,0,0,0,0,0,0,0,0,0,0,0,0,0,0,0,0,0,0,0,0,0,0,0,0,0,0,0,0,0,0,0,0,0,0,0,0,0,0]","[2.56951,-3.80132,3.92334,2.69781,-3.60128,0.378596,5.04984,0.412573,-2.87417,-2.40793,5.57039,-4.87001,5.87244,4.78803,1.26326,1.18661,-2.50821,4.40623,-5.34779,4.65954,-5.40519,2.98371,-0.467235,2.04769,-4.01526,-0.914052,2.13635,-5.25088,-1.51778,2.90725,1.38718,-3.22808,1.4029,-0.438212,-1.96919,-0.646126,3.78516,-2.84525,-3.58062,0.590396,-0.00313069,0.90344,-3.17577,-1.47761,5.41794,-6.04803,-4.30737,-3.18026,-1.84623,-0.375968,5.20264,2.21878,-5.94129,-3.55287,0.911166,1.3511,-5.2019,2.48696,-1.69085,-4.2978,3.19065,5.58964,-4.84033,5.21216,2.4759,-1.85358,-3.46053,4.95734,2.98049,-4.97124,2.57049,-4.90589,2.83365,3.02668,4.25303,-4.52703,0.34723,-4.17548,0.821234,-0.162976,4.08908,5.06375,4.00334,-2.66018,3.432,2.25987,-2.90243,5.32273,4.30171,-2.0006,5.95255,5.20867,-2.31367,0.164629,0.291641,-0.123923,5.32159,-2.1988,-3.72125,3.86211,-2.63218,2.71536,-3.40477,-1.4721,2.74882,-5.09188,-2.21164,3.66221,-5.28504,5.82122,2.47316,-2.17645,5.7847,6.03316,-3.22065,-4.25675,6.04188,0.894545,-5.57932,-5.4353,5.98517,5.41688,-2.2484,-0.570683,-0.587632,2.40696,-2.37095,-0.305489,-1.52766,-3.92015,-2.40383,0.532367,0.0472261,-2.59774,-0.792071,-0.646649,-4.77205,-0.848444,0.499535,-5.03279,1.80117,4.14985,3.5823,2.39144,-2.6132,-5.68728,0.0972535,2.3633,-1.84476,3.35875,0.341689,-0.939548,-1.97917,2.4164,4.6136,-1.40735,1.85554,3.93582,-3.95153,3.36102,-3.35487,0.148472,-4.47864,-1.39802,-0.546667,2.94918,5.46826,4.47055,-1.57924,-2.18853,-2.00588,-0.793867,-4.04608,-0.921591,-5.45915,-2.97683,-5.28593,3.34532,-3.02915,-0.505824,3.21696,1.12761,-5.80043,1.02118,0.676006,3.36437,2.61044,-3.38762,-3.30412,4.72371,-0.42355,1.21447,5.77482,5.60795,-0.251777,-5.86352,-3.25749,0.371515,0.292059,-3.85248,5.38226,4.07916,2.78071,3.66321,-4.32815,3.73222,-2.98778,0.976176,2.28077,5.70244,4.67257,-0.508162,-6.05494,0.75848,0.846217,5.19367,0.492666,0.764198,3.73055,-1.74502,2.51859,4.75964,4.21745,-5.59482,2.06447,3.85565,-2.98038,-4.62875,3.74687,3.86148,-1.20184,5.10002,1.28078,-3.29919,-4.02776,-1.65948,-0.994499,3.51023,3.32926,1.07823,-1.25138,3.4102,-5.16209,3.15654,1.42091,-2.19545,-3.73702,-2.24899,3.84886,4.28608,-1.59485,2.99882,5.74819,5.14886,5.40981]","[0,0,0,0,0,0,0,0,0,0,0,0,0,0,0,0,0,0,0,0,0,0,0,0,0,0,0,0,0,0,0,0,0,0,0,0,0,0,0,0,0,0,0,0,0,0,0,0,0,0,0,0,0,0,0,0,0,0,0,0,0,0,0,0,0,0,0,0,0,0,0,0,0,0,0,0,0,0,0,0,0,0,0,0,0,0,0,0,0,0,0,0,0,0,0,0,0,0,0,0,0,0,0,0,0,0,0,0,0,0,0,0,0,0,0,0,0,0,0,0,0,0,0,0,0,0,0,1,0,0,0,0,0,0,0,0,0,0,0,0,0,0,0,0,0,0,0,0,0,0,0,0,0,0,0,0,0,0,0,0,0,0,0,0,0,0,0,0,0,0,0,0,0,0,0,1,0,0,0,0,0,0,0,0,0,0,0,0,0,0,0,0,0,0,0,0,0,0,0,0,0,0,0,0,0,0,0,0,0,0,0,0,0,0,0,0,0,0,0,0,0,0,0,0,0,0,0,0,0,0,0,0,0,0,0,0,0,0,0,0,0,0,0,0,0,0,0,0,0,0,0,0,0,0,0]",((sin(((cos((-0.3054886487406465 + x7)) + sin((x4 + x0))) + cos(x8))) + (sin((sin((x2 + x0)) + (cos(x3) * sqrt(x0)))) - sin((sin(cos(-2.976826471467644)) - x5)))) + sin(sin((x0 + x1)))),1.82055,[1.82055],0,
Running,298152,8,7.554773998,5.798318659,1.756455339,1024,9,modular_1,single_kernel_inplace,1024,666,9,2,7,modular,1,0,2811363264,4.373266884321894,2811363264,"[10,10,14,12,11,14,15,10,0,14,14,10,9,11,11,10,15,13,17,10,14,11,12,0,1,17,15,11,11,2,13,15,10,8,11,12,0,12,16,14,12,10,13,14,5,14,13,7,15,14,7,10,16,6,15,11,5,12,4,5,17,5,11,7,16,15,15,2,14,5,12,14,4,12,8,16,13,3,14,10,6,15,17,10,15,10,1,15,9,3,3,14,14,5,6,8,3,6,15,11,15,11,7,16,16,12,17,11,13,9,12,9,10,9,10,14,15,15,16,11,13,14,17,1,16,1,3,9,3,1,9,4,2,6,3,9,6,3,4,4,5,6,1,8,8,0,3,0,0,6,5,8,5,4,9,4,4,7,7,2,0,0,8,3,8,0,6,9,9,6,3,0,1,5,4,9,8,9,2,6,8,3,0,5,7,3,1,0,2,8,9,6,0,4,2,0,2,7,7,6,7,2,5,1,1,3,9,3,2,0,2,8,4,6,5,1,5,8,6,8,8,8,3,8,3,7,2,5,1,7,5,8,1,5,8,2,4,2,8,5,1,3,3,0,8,9,2,9,8,8,3,6,1,2,6]","[1,1,1,1,1,1,0,1,1,1,1,1,0,0,0,1,1,0,0,1,0,1,0,1,1,0,0,0,0,0,0,1,1,1,0,0,0,0,0,1,1,0,0,1,1,0,0,0,0,0,0,0,0,0,0,0,0,0,0,0,0,0,0,1,0,1,1,0,0,0,0,0,0,0,0,0,0,0,0,1,0,1,1,0,0,0,0,1,0,0,0,0,0,0,0,0,0,0,0,0,0,0,0,0,0,0,0,0,0,0,0,0,0,0,0,0,0,0,0,0,0,0,0,0,0,0,0,0,0,0,0,1,0,1,0,0,0,0,0,0,0,0,0,0,0,0,0,0,0,0,0,0,0,0,0,0,0,0,0,1,1,0,0,1,0,1,0,0,0,0,0,0,0,0,0,1,0,0,0,0,0,0,0,0,0,0,0,0,0,0,0,0,0,0,0,0,0,0,0,0,0,0,0,0,0,0,0,0,0,0,0,0,0,0,0,0,0,0,0,0,0,0,0,0,0,0,0,0,0,0,0,0,0,0,0,0,0,0,0,0,0,0,0,0,0,0,0,0,0,0,0,0,0,0,0]","[2.56951,-3.80132,3.92334,0.932921,-3.60128,0.378596,-5.53482,0.412573,-4.85729,-2.40793,5.57039,-4.87001,0.108739,-2.29239,1.26326,-3.88034,-4.72247,-2.28984,-0.0415549,1.6554,2.35081,2.98371,-0.467235,2.04769,-2.01412,-5.06559,4.58262,-4.57793,4.35091,-1.57162,1.38718,-3.22808,-3.8333,-0.438212,-4.38514,-5.03003,-3.94566,1.27452,-4.7364,0.590396,-0.00313069,2.72164,2.12163,-1.47761,5.41794,2.68045,5.14253,4.78169,2.88726,-1.86814,5.20264,1.63073,-5.4854,-4.55822,-3.54714,5.77205,1.97001,-4.17961,-0.199583,2.02444,0.384563,5.98488,4.73274,3.66227,-2.02197,5.64663,-3.46053,-4.0972,-3.01012,-4.64494,4.96482,2.44035,-0.489091,3.26706,3.19487,0.410224,3.93174,1.00753,-4.37884,-0.162976,4.58737,5.06375,4.00334,0.502386,1.20736,-0.422378,-4.33634,5.32273,5.77983,-3.68142,-5.10086,1.06928,-1.00664,-5.57259,-2.39749,-0.83616,1.5339,-5.33618,3.47649,4.67435,4.0582,4.30834,-1.27379,-0.586643,-5.81969,-3.51347,3.72164,2.0033,-0.0357431,5.80556,-0.0583721,-2.17645,-0.205244,-2.53951,-2.22147,0.540048,4.81951,2.52228,1.07798,-5.6445,1.83129,5.2251,-0.907566,5.07327,2.41663,-0.504568,-2.37095,-0.305489,-2.50599,-5.29892,-2.22786,0.532367,-0.667565,3.76613,3.24629,1.54768,-0.730019,-5.69528,5.09335,1.19411,1.25023,-0.256261,5.32475,-4.29352,-0.173311,-5.23255,-5.2804,2.34709,-3.46597,-5.73173,-3.78216,-1.96044,3.99311,0.0964223,5.06081,-4.47975,-4.51509,3.73347,-3.43596,3.36102,-3.35487,-1.69329,5.13183,-1.39802,-4.0609,2.94918,-5.85618,-0.586551,-2.17183,1.7708,5.34561,-0.793867,-2.67367,1.2692,-0.580871,-2.97683,1.94581,1.05756,-5.18992,-0.505824,1.40768,1.97513,-5.80043,-2.53304,-0.503071,-2.66198,2.61044,-3.38762,-3.30412,4.68829,0.921494,-5.97633,4.56593,-5.34944,-2.02757,-1.39973,-2.27201,-3.1663,2.41456,3.96277,-1.84392,-5.72507,-5.04474,3.89004,-2.8985,-1.04462,-2.98778,1.038,1.7252,0.684042,-4.77677,-1.54684,-0.857227,-1.72532,-5.4609,5.75615,5.6594,-0.848421,1.49633,-1.74502,5.00857,3.81591,-0.500491,-0.602092,2.084,5.84255,-3.28456,0.780121,5.78864,-1.26644,-1.20184,-3.30445,-4.18251,-0.712177,-4.02776,0.2783,1.42352,1.56599,4.15992,-5.24515,0.232057,3.41198,-3.44019,-0.18415,0.112866,0.970653,-3.26545,1.5566,-3.33945,-2.74294,-4.68612,4.38493,0.184461,5.14886,3.60045]","[0,0,0,0,0,0,0,0,0,0,0,0,0,0,0,0,0,0,0,0,0,0,0,0,0,0,0,0,0,0,0,0,0,0,0,0,0,0,0,0,0,0,0,0,0,0,0,0,0,0,0,0,0,0,0,0,0,0,0,0,0,0,0,0,0,0,0,0,0,0,0,0,0,0,0,0,0,0,0,0,0,0,0,0,0,0,0,0,0,0,0,0,0,0,0,0,0,0,0,0,0,0,0,0,0,0,0,0,0,0,0,0,0,0,0,0,0,0,0,0,0,0,0,0,0,0,0,0,0,0,0,0,0,0,0,0,0,0,0,0,0,0,0,0,0,0,0,0,0,0,0,0,0,0,0,0,0,0,0,0,0,0,0,0,0,0,0,0,0,0,0,0,0,0,0,1,0,0,0,0,0,0,0,0,0,0,0,0,0,0,0,0,0,0,0,0,0,0,0,0,0,0,0,0,0,0,0,0,0,0,0,0,0,0,0,0,0,0,0,0,0,0,0,0,0,0,0,0,0,0,0,0,0,0,0,0,0,0,0,0,0,0,0,0,0,0,0,0,0,0,0,0,0,0,0]",(((((cos(x7) + (cos(x4) + cos(x6))) + cos(x8)) * x0) + (sin((sin((x2 + x0)) + (cos(x3) * sqrt(x0)))) - sin((sin(cos(-2.976826471467644)) - x5)))) + sin(sin((x0 + x1)))),1.63329,[1.63329],0,
Running,321668,8,8.007557585,6.09842726,1.909130325,1024,9,modular_1,single_kernel_inplace,1024,666,9,2,7,modular,1,0,2811363264,4.373266884321894,2811363264,"[10,10,14,12,11,10,16,10,17,14,14,10,9,11,12,10,15,14,13,10,15,11,17,0,1,17,15,10,15,2,16,15,10,8,14,0,6,16,10,14,12,13,13,14,5,13,13,13,17,4,14,12,16,12,12,5,11,6,13,10,14,3,11,10,5,15,15,15,14,13,5,11,2,17,12,13,4,11,13,10,17,15,17,17,14,9,15,15,6,11,3,4,17,5,0,14,3,0,1,15,3,15,12,8,3,10,11,10,3,17,7,10,17,14,10,2,11,3,12,11,13,15,17,0,7,12,9,9,7,7,9,4,7,6,4,1,4,3,2,8,6,0,5,6,2,0,7,4,0,1,5,0,9,9,4,3,3,2,7,2,0,5,0,3,3,0,7,8,0,6,5,6,5,3,8,9,6,6,9,2,5,6,1,9,8,6,1,0,2,8,3,0,1,6,7,9,9,5,7,6,3,7,2,4,5,9,6,0,6,0,3,8,9,2,4,7,3,8,0,4,6,7,4,3,0,5,0,1,2,0,3,2,4,5,0,4,0,4,4,8,8,4,2,0,6,9,2,6,3,8,4,6,5,2,0]","[1,1,1,1,1,1,0,1,1,1,1,1,1,0,0,1,1,1,0,1,0,1,0,1,1,0,0,0,0,0,0,1,1,1,0,1,0,0,0,1,1,0,0,1,1,0,0,0,0,0,0,0,0,0,0,0,0,0,0,0,0,0,0,1,0,1,1,0,0,0,0,0,0,0,0,0,0,0,0,1,0,1,1,0,0,0,0,1,0,0,0,0,0,0,0,0,0,0,0,0,0,0,0,0,0,0,0,0,0,0,0,0,0,0,0,0,0,0,0,0,0,0,0,0,0,0,0,1,1,0,0,1,0,1,0,0,0,0,0,0,0,0,0,0,0,0,0,0,0,0,0,0,0,0,0,0,0,0,0,1,1,0,0,1,0,1,0,0,0,0,0,0,0,0,0,1,0,0,0,0,0,0,0,0,0,0,0,0,0,0,0,0,0,0,0,0,0,0,0,0,0,0,0,0,0,0,0,0,0,0,0,0,0,0,0,0,0,0,0,0,0,0,0,0,0,0,0,0,0,0,0,0,0,0,0,0,0,0,0,0,0,0,0,0,0,0,0,0,0,0,0,0,0,0,0]","[2.56951,-3.80132,3.92334,0.932921,-3.60128,-1.04333,1.13868,0.412573,-2.84927,-2.40793,5.57039,-4.87001,0.102372,0.43289,0.642659,1.18661,-4.72247,1.74547,2.58182,4.65954,-1.92179,2.98371,1.63371,2.04769,-4.01526,-5.06559,-5.18343,-4.41112,2.70833,-1.57162,1.69438,-3.22808,-3.8333,-0.438212,3.74985,4.816,-1.81809,4.43561,0.244468,4.86038,-0.00313069,-0.52183,-0.586134,-1.47761,5.41794,-5.80492,5.14253,-3.18026,2.01435,-5.46139,-1.96534,-1.6251,-5.4854,-3.48137,-4.39373,-3.25286,1.62468,1.98681,2.31838,3.35841,2.59422,-0.468576,2.28499,0.935188,-5.76404,5.64663,-3.46053,2.30918,-3.01012,2.25343,3.76459,3.46652,3.42248,-4.89133,4.25303,6.00499,4.67328,0.956244,1.19679,-0.162976,0.471612,5.06375,4.00334,5.93612,2.65887,2.25987,-3.43812,5.32273,1.93052,-2.0006,-5.10086,1.04613,-4.39446,-5.57259,0.351374,1.16333,1.5339,-4.18516,5.45479,-5.8218,4.88978,4.45376,-0.0863229,-2.17577,-5.51735,1.37792,4.23479,3.38647,-2.95639,-3.69173,-3.79819,-3.83873,-2.38629,-3.45884,-2.22147,1.83908,1.74577,0.894545,-4.7279,-1.59829,1.83129,-5.24335,-0.907566,-2.68638,-5.97956,-5.16394,-0.649588,-0.305489,0.498123,-3.92015,-2.22786,0.532367,0.831489,3.76613,-1.97485,2.89167,-4.77205,-2.845,3.00845,-2.60869,4.47642,-3.78606,-6.06209,-1.50406,-1.33441,-5.23255,-5.63821,-1.54789,4.44164,-6.04981,-3.78216,1.25759,-4.39412,-4.05461,1.51962,4.43938,-1.52172,3.31989,5.58693,4.42469,-3.29854,0.319996,3.94795,-1.39802,-0.546667,2.94918,-5.22498,-2.81841,2.8458,-0.431047,4.71705,-3.97042,-4.70729,-3.64529,-5.86382,-2.97683,-5.28593,3.60718,-4.37761,-2.63646,-0.374054,4.79995,4.51993,-5.13871,-3.1866,-2.24968,-2.16752,-3.38762,-3.30412,4.68829,-0.42355,1.21447,0.35777,5.90868,-0.251777,0.437884,2.36131,5.65559,2.41456,3.96277,-4.721,5.69063,2.15129,-5.3008,4.55968,-0.163005,-4.84027,0.953044,1.48164,-0.619478,0.84492,-0.508162,2.88403,2.50938,-1.43902,-1.37415,-1.46309,-5.01802,3.34238,-2.91473,1.73314,3.90488,-5.2798,-2.75147,2.06447,-3.06749,1.24468,-4.73653,3.85701,-4.327,6.0083,-2.51503,1.66032,0.327802,-0.27531,1.06193,-1.62138,3.51023,-5.33623,0.952567,-0.29811,4.47832,1.11176,-0.18415,-0.520603,0.970653,-3.26545,3.44602,-2.16726,1.66346,0.540942,4.38493,-4.9853,5.19662,-0.794684]","[0,0,0,0,0,0,0,0,0,0,0,0,1,0,0,0,0,0,0,0,0,0,0,0,0,0,0,0,0,0,0,0,0,0,0,0,0,0,0,0,0,0,0,0,0,0,0,0,0,0,0,0,0,0,0,0,0,0,0,0,0,0,0,0,0,0,0,0,0,0,0,0,0,0,0,0,0,0,0,0,0,0,0,0,0,0,0,0,0,0,0,0,0,0,0,0,0,0,0,0,0,0,0,0,0,0,0,0,0,0,0,0,0,0,0,0,0,0,0,0,0,0,0,0,0,0,0,1,0,0,0,0,0,0,0,0,0,0,0,0,0,0,0,0,0,0,0,0,0,0,0,0,0,0,0,0,0,0,0,0,0,0,0,0,0,0,0,0,0,0,0,0,0,0,0,1,0,0,0,0,0,0,0,0,0,0,0,0,0,0,0,0,0,0,0,0,0,0,0,0,0,0,0,0,0,0,0,0,0,0,0,0,0,0,0,0,0,0,0,0,0,0,0,0,0,0,0,0,0,0,0,0,0,0,0,0,0,0,0,0,0,0,0,0,0,0,0,0,0,0,0,0,0,0,0]",(((((cos((-0.3054886487406465 + x7)) + (cos(x4) + cos(x6))) + cos(x8)) * sqrt(sin(x0))) + (sin((sin((x2 + x0)) + (cos(x3) * sqrt(x0)))) - sin((sin(cos(-2.976826471467644)) - x5)))) + sin(((x0 + x1) + 0.10237231651196677))),1.33232,[1.33232],0,
TimeLimitReached,412842,10,9.975097888,7.375216163,2.599881725,1024,11,modular_1,single_kernel_inplace,1024,666,9,2,7,modular,1,0,2811363264,4.373266884321894,2811363264,"[10,10,10,12,11,14,15,10,15,14,14,10,9,10,11,10,14,15,5,10,11,11,12,0,5,5,15,14,4,11,5,15,10,15,11,12,13,15,17,0,2,16,13,11,5,16,8,7,8,7,14,15,13,10,17,13,0,16,17,11,12,15,14,10,16,15,15,10,15,2,4,13,14,6,8,14,16,3,13,15,7,15,13,13,14,6,17,11,0,13,16,3,14,5,11,8,4,0,3,17,10,15,14,12,16,9,13,15,15,17,14,14,11,5,16,9,11,12,11,11,13,17,12,8,12,17,17,9,7,2,2,0,0,6,3,9,3,6,7,1,2,5,1,7,5,3,0,9,9,0,6,2,7,3,9,0,2,2,1,3,3,6,5,3,3,2,2,6,2,6,0,4,0,7,4,5,8,8,0,6,8,9,8,3,0,8,6,5,3,5,3,4,0,1,9,3,0,1,4,3,8,1,1,8,9,9,9,3,2,3,2,7,6,2,5,6,3,1,4,1,5,6,3,9,7,9,0,8,0,0,3,9,3,3,1,9,9,5,2,0,4,3,8,6,6,2,3,2,5,7,9,1,8,2,2]","[1,1,1,1,1,1,1,1,1,1,1,1,0,1,0,1,1,1,0,1,0,1,0,1,1,0,0,1,1,0,0,1,1,1,0,1,0,0,0,1,1,0,0,1,1,0,0,0,0,0,0,0,0,0,0,1,0,0,0,0,0,0,0,1,0,1,1,1,0,0,0,1,1,0,0,0,0,0,0,0,0,0,0,0,0,0,0,1,1,0,0,0,0,0,0,0,0,0,0,0,0,0,0,0,0,0,0,0,0,0,0,1,1,0,0,0,0,0,0,0,0,0,0,0,0,0,0,1,1,0,0,1,0,1,0,1,1,0,0,0,0,0,0,1,1,1,0,0,0,0,0,0,0,0,0,0,0,0,0,0,0,0,0,0,0,0,0,0,0,0,0,0,0,0,0,1,1,0,0,0,0,0,0,0,0,0,0,0,0,0,0,0,0,0,0,0,0,0,0,0,0,0,0,0,0,0,0,0,0,0,0,0,0,0,0,0,0,0,0,0,0,0,0,1,0,1,1,0,0,0,0,0,0,0,0,0,0,0,0,0,0,0,0,0,0,0,0,0,0,0,0,0,0,0,0]","[2.56951,2.93182,0.58218,0.932921,-3.60128,2.24844,3.44678,0.412573,-2.13191,-2.40793,5.57039,-4.87001,0.108739,-2.53892,1.26326,-3.88034,-0.777417,-5.5151,-2.76425,4.65954,5.32367,-0.393427,-0.467235,2.04769,3.10628,-3.23075,-1.16131,-3.75439,1.06993,-6.03686,3.68538,-3.22808,-3.8333,3.00919,1.35626,-5.03003,4.74109,-0.121641,-1.40052,3.26073,-3.66871,0.90344,1.7156,5.57204,5.41794,-5.83646,-2.45984,4.78169,-2.51224,-0.375968,-1.96534,-4.51076,-2.09549,0.79839,4.02983,-0.431232,0.893484,2.48696,-3.41309,-3.52244,2.40512,-3.21221,2.90444,5.21216,-5.1203,-0.846185,-3.46053,0.393866,4.76303,-4.26193,2.57049,5.20123,-5.33421,3.30257,3.19487,-5.67978,-4.64363,1.00753,-5.90368,-2.97866,-6.05962,5.06375,-4.05463,-2.12218,0.165246,-0.38232,-5.16382,1.57794,1.06343,1.06345,5.95255,-3.06004,-1.00664,0.96243,1.35545,-0.83616,-3.23354,-4.18516,-5.96077,1.5622,-2.57924,4.45376,-3.40477,-2.05655,2.92857,-5.60274,3.993,1.93051,2.23367,-1.24178,0.0471987,-5.26171,-1.59115,1.09783,2.11917,-4.25675,-2.13397,3.88542,5.70018,-5.6445,1.83129,-0.674662,-2.28008,2.99605,1.06418,2.49618,-2.60465,-0.305489,-1.52766,1.57812,-3.18561,5.20459,0.0472261,3.76613,3.24629,5.89239,-5.99397,-5.34838,1.59539,2.1039,2.49868,-3.80188,5.32475,-0.534859,4.62907,5.09826,-2.73041,-5.61739,-0.811445,-2.76742,4.15931,-0.939548,-3.63372,4.63033,5.06081,4.7485,-5.70423,3.31989,5.60106,-4.95694,-2.25555,2.23875,-1.84441,-1.39802,-0.546667,-0.287512,0.192784,2.59055,3.18388,-3.75039,2.75139,5.69114,2.96064,-0.921591,-4.26302,4.59636,-4.41675,1.71457,-3.02915,-0.505824,5.47818,1.05244,-0.407315,5.3536,-4.35295,3.36437,4.53518,-5.55875,2.66767,1.65061,-0.42355,-2.63528,4.56593,-2.41732,-0.877008,-0.0513621,-4.29392,-5.45612,-1.21162,-1.01363,-5.89296,-5.27034,-4.20054,3.46822,5.89245,-0.163005,-2.98778,1.038,2.28077,5.03359,1.6146,-0.126871,-1.57878,0.75848,-5.37739,-3.01736,-3.80399,4.99275,-0.134321,-3.86154,1.99283,4.69997,5.93245,4.58011,3.61287,1.50517,1.24468,2.70809,3.02959,-4.327,-2.56422,5.64937,1.28078,2.09007,1.0473,-1.65948,-5.086,5.3478,1.18385,2.14443,0.271817,3.41198,-3.56723,-4.09678,-0.520603,1.53842,-0.974924,0.644268,5.35061,-1.33772,-1.90215,-3.65264,3.65101,4.32546,-5.2168]","[0,0,0,0,0,0,0,0,0,0,0,0,0,0,0,0,0,0,0,0,0,0,0,0,0,0,0,0,0,0,0,0,0,0,0,0,0,0,0,0,0,0,0,0,0,0,0,0,0,0,0,0,0,0,0,0,0,0,0,0,0,0,0,0,0,0,0,0,0,0,0,0,0,0,0,0,0,0,0,0,0,0,0,0,0,0,0,0,0,0,0,0,0,0,0,0,0,0,0,0,0,0,0,0,0,0,0,0,0,0,0,0,0,0,0,0,0,0,0,0,0,0,0,0,0,0,0,1,0,0,0,0,0,0,0,1,0,0,0,0,0,0,0,0,0,0,0,0,0,0,0,0,0,0,0,0,0,0,0,0,0,0,0,0,0,0,0,0,0,0,0,0,0,0,0,0,0,0,0,0,0,0,0,0,0,0,0,0,0,0,0,0,0,0,0,0,0,0,0,0,0,0,0,0,0,0,0,0,0,0,0,0,0,0,0,0,0,0,0,0,0,0,0,1,0,1,0,0,0,0,0,0,0,0,0,0,0,0,0,0,0,0,0,0,0,0,0,0,0,0,0,0,0,0,0]",(((((cos((-0.3054886487406465 + x7)) + (cos(x0) + cos(x6))) + sin(cos((5.892393624947447 + x3)))) * cos(cos(((x7 / x5) * sin(x3))))) + (sin((x0 + x2)) - sin((((x5 - x8) - x0) - x5)))) + (sin((x0 + x5)) + cos((sin((sin(4.580114662857005) / (1.5051730107538344 - x0))) + x4)))),1.06317,[1.06317],0,1.0631760669945274
