total_time_seconds,expression,mse,evaluations,dataset,fold,num_observations,num_features,population_size,operator_set,template_depth,iteration,seed,old_mse
600.2104808338918,'x2 + x3 + exp(exp(sin(x9)) - sin(sqrt(x8)) - sin(exp(sqrt(x2)))) + exp(exp(sin(x7/sqrt(x2)))) - exp(exp(sin(sin(x9))))',154.3340920855493,92416,409,0,58,12,128,paper,4,0,3324115916,121.8153076171875
600.1022492939373,'x4 + x5 + x6',4.178242587653359e-28,124160,409,1,58,12,128,paper,4,0,2811363264,1.0437235797855493e-10
601.3000346859917,'-x0 + x2 + x3 + sqrt(-x10**(1/4) - 3*x2 + 4*x5 - sqrt(x6) + 2*x6)',447.8761782510136,61824,409,2,58,12,128,paper,4,0,1884968544,447.8761901855469
602.7343093300005,'x1*(x0 + 2*x5 + (x5*cos(x11)*cos(x2 + x3) + x5)/sin(x0))/x2 + x2 + x3 + cos(x1)',113.14316810419841,41344,409,3,58,12,128,paper,4,0,1859786275,113.14328002929688
600.2434168530162,'x4 + x5 + x6',3.760418328888023e-28,150784,409,4,58,12,128,paper,4,0,3687649985,1.0437235797855493e-10
680.4383308700053,'sqrt(0.806*x10 + 0.00105*x2**3 + x2*x5 + 0.00105)',1460.9852361182227,8832,409,5,58,12,128,paper,4,0,369133708,1461.25341796875
600.8646604670212,'sqrt(x10 + x4*sqrt((-sqrt(x2) + sqrt(x7*sqrt(exp(sqrt(x5))) + x9))*sqrt(2*x9 + exp(sqrt(x5)) + exp(sqrt(x6)))))',1354.682897383464,55808,409,6,58,12,128,paper,4,0,2995172877,1354.682861328125
600.0246519800276,'x1*(x2 + 2*x3 + x3**(x5/x3) + x4)/(2*x5 + x6**(x1/x7) + x7) + x2 + x3',60.23727063734162,82560,409,7,58,12,128,paper,4,0,865305066,60.23726272583008
708.6366527470527,'2*x1 + x2 + x3 + cos(x1) + 3*cos(x11) + 4*cos(x3)',489.31831031604673,14848,409,8,58,12,128,paper,4,0,404488628,489.3183288574219
600.5811292571016,'sqrt(x1)*sqrt(x5 - sqrt(x0 + x5*sqrt(x2 - x6 + sqrt(sqrt(x2) + x5)*(2*x2 - x5)))) + x2 + x3',417.74799044293275,77056,409,9,58,12,128,paper,4,0,2261209995,417.7480163574219
612.1337319710292,'x4 + 3*sqrt(x6) + sqrt(x5*(3*x6 + sqrt(3*x5 + x7)))',62.05320926162624,55808,409,10,58,12,128,paper,4,0,4190266092,62.053192138671875
600.88306603604,'x2 + x3 + square(-x4 - x5 + sqrt(square(x5/cos(sqrt(x2) - square(square(x5)**cos((x5**cos(square(x2)))**(1/4)))))))**(1/4)',1385.562979553733,41088,409,11,58,12,128,paper,4,0,3160032368,77.80718994140625
600.5190668990836,'x1 + (x3**2*sqrt(x3**2*(x1*x3 + x3 + x6)))**(1/4) + sqrt(square(x2) + square(x5)) + log(square(x3))',202.8369035183183,70912,409,12,58,12,128,paper,4,0,3269070126,202.83685302734375
600.2581995360088,'x0 + x1 + x2 + x3 + (x1 + 2*cos(x0 + x10))/cos(x1) + cos(x11) + cos(x11 + x3)',433.1346307712364,41472,409,13,58,12,128,paper,4,0,3081541439,433.1365051269531
614.5676733499859,'x2 + x3 + sqrt(((x1 + x7)**log(0.0288*x1 + 0.0288*x5))**(log(0.0288*x1 + 0.0288*x5)/2))',89.9278113724363,29312,409,14,58,12,128,paper,4,0,3376120482,89.52674102783203
772.3468850479694,'x2 + x3 + sqrt(x5) + 4*cos(x1) + cos(x11) + 3*cos(x3)',456.0419402979594,18304,409,15,58,12,128,paper,4,0,2204291346,456.04193115234375
600.5073615009896,'-x0 + x1 + x2 + x3 + (-log(x3) + log(x5))*log(x5)*log(x8) - log(square(square(square(-log(x2) + log(x6))))) - 1.22',292.2455300787237,87296,409,16,58,12,128,paper,4,0,550243861,292.2475891113281
600.0687582250684,'sqrt(x2)*sqrt(x1*sqrt(x5) - sqrt(x2) + x3*log(log(square(square(sqrt(x1)*x6)))) + sqrt(x5)*x7**(1/4) + x5)',294.9700156847065,76672,409,17,58,12,128,paper,4,0,3606691181,294.969970703125
619.9055016459897,'x4 + x5 + x6 + log(log(x1)**(1/262144))',2.360671444925128e-12,27520,409,18,58,12,128,paper,4,0,1934392872,1.3247260233217872e-10
624.9340224900516,'x2 + x3 + sqrt(x5 + cos(x3)) + 5*cos(x1) + 2*cos(x3)',432.88593570380823,13696,409,19,58,12,128,paper,4,0,2148995112,432.88604736328125
600.0462288080016,'-sqrt(x2) + x2 + x3 + x5/sqrt(x2**(3/2)/x5 + x6/x7) + 1.2 + x5**2/x2**(3/2)',114.76835952195682,82304,409,20,58,12,128,paper,4,0,1592565386,114.7711181640625
600.0176567710005,'x2 + x3 + log(x4*(x5**(x5/x2))**(x5/x2)*(x7**(x5/x4))**(x5/x2) + 1)',184.5252471969703,71552,409,21,58,12,128,paper,4,0,784044718,184.5252227783203
600.1830064459937,'x2 + x3 + square(x5/sqrt(x2 + x4 + square(x0) + square(sqrt(x2)*(x2 + x7)/x5) + x9/x7**2))',29.182979672787948,74368,409,22,58,12,128,paper,4,0,3980425317,29.18297004699707
600.36034432007,'x4 + x5 + x6',3.760418328888023e-28,136960,409,23,58,12,128,paper,4,0,3356806661,1.0437235797855493e-10
600.0478079889435,'x4 + x5 + x6',3.760418328888023e-28,141184,409,24,58,12,128,paper,4,0,2765379632,1.0437235797855493e-10
603.5895680390531,'x4 + x5 + x6 + square(square(square(sin((x4 + 2*x6)**(1/4)) + sin(sin(sin(sqrt(x0))**(1/8))))))',3.793002548603326e-11,32128,409,25,58,12,128,paper,4,0,1728356533,1.5254421337207447e-10
600.2409167289734,'x1 - x1**(cos(x3) + cos(x1 + x2) + cos(sqrt(x3) + x9))*(cos(x0) + cos(sqrt(x9))) + x2 + x3 + cos(x8)',81.45007563098395,80640,409,26,58,12,128,paper,4,0,3533734220,81.46858215332031
601.47963101801,'x2 + x3 + square(square(cos(log(square(x5))))**log(cos(square(cos(square(x5)))))) + square(cos(log(square(x5))))**log(square(cos(square(cos(square(x3))))))',125.50753777910522,56832,409,27,58,12,128,paper,4,0,2342600226,126.20916748046875
600.5655404230347,'x2 + x3 + 4*x5**(3/2)/(x2**2*x3/(x6*x7**2) + x2)',144.8083841560367,76288,409,28,58,12,128,paper,4,0,1904449481,144.80845642089844
600.278301475104,'2*x1 + x2 + x3 - sin(sqrt(-x11 - x7 + square(x10 + x2) + square(2*x6 - x7))) + 1.6',520.6099320129198,95488,409,29,58,12,128,paper,4,0,1934709049,520.6085205078125
600.6575649669394,'x2 + x3 + sqrt(x5) + 3*sqrt(x7)*sin(x5) + 2*sqrt(x7) + sin(x4) - 6.01',325.32458221546455,70144,409,0,58,12,256,paper,4,0,3324115916,325.3244934082031
601.982731534983,'0.233*sqrt(7)*sqrt(x4) + 0.932*x4 + x5 + x6 - 0.744',0.32204707054439213,44032,409,1,58,12,256,paper,4,0,2811363264,0.3276471495628357
719.6412189899711,'-x0 + x1 + x2 + x3 + sqrt(x5) - exp(cos(x6)) - cos(x10) - 2*cos(sqrt(x5)) - 2*cos(x6)',461.2914496126737,37376,409,2,58,12,256,paper,4,0,1884968544,461.29156494140625
621.4726775320014,'x2 + x3 + 1.11*exp((x2 + 2*x5)/x2) + sin(2*x2 + sin(x2*sin(x2 + x3 - 3.17))) - 3.17',83.80718598427728,30464,409,3,58,12,256,paper,4,0,1859786275,83.17005920410156
659.9249697900377,'2*x1 + x2 + x3 + x4/(x4 - x7 + sin(x7)) + sin(x11 + x2 + sin(x11)) + sin(x11 + x3 + x4)',468.4273568158521,60928,409,4,58,12,256,paper,4,0,3687649985,468.42535400390625
737.7509073449764,'sqrt(2*x4*(sqrt(x2) + sqrt(x4) + x5 + x6 + sqrt(x2 + x4)) + (x5 + x6)*(x5 + x6 - x6/x4))',0.9024859482830166,76800,409,5,58,12,256,paper,4,0,369133708,0.9024778008460999
600.7178330640309,'x4 + x5 + x6 - square(x6**(log(x1) - log(x5)))',4.5490165758525e-21,156672,409,6,58,12,256,paper,4,0,2995172877,1.9670175210872998e-10
600.5992799410596,'x4 + x5 + x6',4.317517340575137e-28,185856,409,7,58,12,256,paper,4,0,865305066,1.0437235797855493e-10
600.684021509951,'x1*cos(x3) + x1*cos(x1 + x2) + 2*x1 + x2 + x3 - cos(x0) - 3*cos(x6)',459.0174997176017,74240,409,8,58,12,256,paper,4,0,404488628,459.0173645019531
600.8698113781866,'x4 + x5 + x6 - (x4 - x5 - x5/cos(square(x5)) - x6 + x7)/x9**2',3.901623410094217e-12,131584,409,9,58,12,256,paper,4,0,2261209995,1.284582856753147e-10
600.3737657449674,'x2 + x3 + log(log(x5)**log((2*x7 + 0.828)**log(log(log(x5))**(x0**(-x0 + log(x5)))))) + cos(2*x7)',206.30642946482843,119296,409,10,58,12,256,paper,4,0,4190266092,206.3067626953125
600.0924089050386,'x2 + x3 + sqrt(x5) + sin(x5) + sin(x3 + x4) + 2*sin(exp(x0)) + 2*cos(x1) + cos(x3)',459.66349425825365,113920,409,11,58,12,256,paper,4,0,3160032368,459.6633605957031
625.3707504780032,'-x4 + sqrt(x10 + x5**2 + x9 + (x2*x4 + x4*x5 + x5*x7 + x5)*cos(x5**2 + x9))',1237.8720894876064,42752,409,12,58,12,256,paper,4,0,3269070126,1240.21923828125
600.1158254730981,'x4 + x5 + x6',4.317517340575137e-28,251648,409,13,58,12,256,paper,4,0,3081541439,1.9670175210872998e-10
686.1283124389593,'x2 + x3 + log(0.61*x5**2*x7**2 + 0.372) + 2*cos(x1) + cos(x11) + 2*cos(x3)',453.25243028369937,48128,409,14,58,12,256,paper,4,0,3376120482,453.2530822753906
600.5548177009914,'x1 + x2 + x3 + log(2*x5) + 2*cos(x1) + 2*cos(x11) + 3*cos(x3)',483.1339545892044,20224,409,15,58,12,256,paper,4,0,2204291346,483.134033203125
600.0820330569986,'-4*x0 + x1 - x10**(1/4) + x2 + x3 + sqrt(x5)*(-sqrt(x2) + log(x5)) + x5 + sqrt(x6)',109.6435403504386,135680,409,16,58,12,256,paper,4,0,550243861,109.64350128173828
600.2999351769686,'-x0 - 3*sqrt(x2) + x2 + x3 + 5*sqrt(x5)',364.80332155834304,118016,409,17,58,12,256,paper,4,0,3606691181,364.8031921386719
600.5726059009321,'sqrt(sqrt(x10)*(x1 + x3 + 2*x6 - 2.85) + (sqrt(x10) + 8.55)*(-sqrt(x10) + 2*x5 - 2.85))',259.55163801466216,113152,409,18,58,12,256,paper,4,0,1934392872,259.5597229003906
688.0261241469998,'2*x1 + x2 + x3 + sin(x5) + cos(x11) + 2*cos(x3) + 3*cos(square(x1))',439.52115886276727,39424,409,19,58,12,256,paper,4,0,2148995112,439.52105712890625
600.5488978859503,'x4 + x5 + x6',3.760418328888023e-28,193792,409,20,58,12,256,paper,4,0,1592565386,8.831507053441712e-11
600.4760246309452,'x2 + x3 + sqrt(x5) + x7**(1/4) + cos((2*x2 + cos(x7**(1/4)))/(x5 + sqrt(3*x6 + x7)))',493.57224564334575,88832,409,21,58,12,256,paper,4,0,784044718,493.5721740722656
600.3076164938975,'x4 + x5 + x6 + (x4*x5 + x4)/x10**2',4.037388814138449e-12,122368,409,22,58,12,256,paper,4,0,3980425317,1.00358034382797e-10
600.7011740021408,'x2 + x3 - sqrt(x5)*cos(x7**(1/4)) + sqrt(x5) - x7**(1/4) + 2*cos(x1) + cos(x3) - cos(sqrt(x5))',43.02220523794304,154112,409,23,58,12,256,paper,4,0,3356806661,43.022193908691406
600.1560736619867,'x2 + x3 + exp(exp(cos(exp(exp(cos(x7))))) + exp(cos(exp(exp(cos(exp(exp(exp(cos(x7)))))))))) + cos(x1) + cos(x1 + cos(x3))',485.96441681050226,121344,409,24,58,12,256,paper,4,0,2765379632,117.51592254638672
609.1685489648953,'0.0864*x2 + 0.914*x3 + sqrt(x5*(x2 + x6 - 6.57) + x6 + 2*x7) + log(x7 + 0.0864) - 5.96',204.21183488024818,73984,409,25,58,12,256,paper,4,0,1728356533,204.1189422607422
600.2327074620407,'x4 + x5 + x6',4.317517340575137e-28,263680,409,26,58,12,256,paper,4,0,3533734220,1.0437235797855493e-10
600.2827027051244,'x1 + x2 + x3 + x7**cos(sqrt(x7)) + log((((x7 + 0.415)**(x5/x3))**exp(cos(x11)))**exp(cos(x3 - 0.626)))',44.05887558320327,129024,409,27,58,12,256,paper,4,0,2342600226,44.06004333496094
600.0726918450091,'x2 + x3 + x7**(1/4) - sqrt(x7)*(cos(x5) - cos(sqrt(x7))) + 2*sqrt(x7) - (0.479 - sqrt(x7))/cos(x1)',182.74577386855205,141056,409,28,58,12,256,paper,4,0,1904449481,182.7456817626953
600.0322842670139,'x1*(log(x1) + cos(x11) + cos(x3) + cos(x11 + x3)) + x1 + x2 + x3 - log(x11)*cos(-x5 + x6 + x8)',420.4437390574116,110848,409,29,58,12,256,paper,4,0,1934709049,420.43121337890625
600.5007173838094,'x4 + x5 + x6',4.317517340575137e-28,203776,409,0,58,12,512,paper,4,0,3324115916,1.0437235797855493e-10
600.8775929110125,'x4 + x5 + x6 + cos(x5 + x6 + log(x4) + 1)/square(x3 + 2*x4 + x6)',4.2850271438810346e-11,199680,409,1,58,12,512,paper,4,0,2811363264,9.232939413017505e-11
600.5547875941265,'x4 + x5 + x6',4.178242587653359e-28,335360,409,2,58,12,512,paper,4,0,1884968544,6.824346643341528e-11
600.9176728609018,'x1**cos(x1) + x2 + x3 + square(x1**cos(x3))**cos(cos(x2)) + exp(cos(x11))**(x1**square(square(cos(x1 + x2))))',81.83678809801894,182272,409,3,58,12,512,paper,4,0,1859786275,81.83677673339844
600.7312555459794,'x2 + x3 + (square(square(x1)) + square(log(square(x5)))/sqrt(square(log(log(log(sqrt(x5)))))))*log(log(sqrt(x5)))/(x2 - square(log(x7)))',46.50934290647125,226304,409,4,58,12,512,paper,4,0,3687649985,46.508636474609375
600.0438675188925,'x4 + x5 + sqrt(x6*sqrt(x6*sqrt(x6*(x6 + sqrt(x4/(x3*x6**4))))))',3.644680068177496e-11,162816,409,5,58,12,512,paper,4,0,369133708,1.1641532182693481e-10
600.1252295968588,'x4 + x5 + x6',4.317517340575137e-28,366592,409,6,58,12,512,paper,4,0,2995172877,1.0437235797855493e-10
600.0169516401365,'x4 + x5 + x6',4.317517340575137e-28,409088,409,7,58,12,512,paper,4,0,865305066,1.2444396901845067e-10
601.8025730277877,'x2 + x3 + sqrt(x5) + square(x5**(1/4) + sin(x3 + exp(sin(x3 + square(cos(cos(x2))))))) + log(square(square(square(square(cos(x0))))))',385.6500923858743,140288,409,8,58,12,512,paper,4,0,404488628,385.65020751953125
600.019493086962,'x4 + x5 + x6',4.317517340575137e-28,460288,409,9,58,12,512,paper,4,0,2261209995,1.8064445772569826e-10
600.8506839589681,'x3 + sqrt(sqrt(x5*(x1*x5*x7*(-square(x1) + square(x5)*square(square(x1))/x9))**(1/4)*square(x5)) + square(x2))',148.4368239490202,146432,409,10,58,12,512,paper,4,0,4190266092,148.43679809570312
736.4982251829933,'x2 + x3 + x5/(x4/x7 + log(x4 + sqrt(x7)) + sin(sqrt(x2)) + sin(x5 - 3.14) + sin(x5 + 2.73)) - 3.14',52.75022217133125,190976,409,11,58,12,512,paper,4,0,3160032368,52.74211883544922
601.2432382490952,'x4 + x5 + x6',4.178242587653359e-28,279040,409,12,58,12,512,paper,4,0,3269070126,1.0437235797855493e-10
600.3381689100061,'x4 + x5 + x6',4.317517340575137e-28,297472,409,13,58,12,512,paper,4,0,3081541439,1.0437235797855493e-10
600.3995636580512,'x1 + x2 + x3 + (x1 + cos(x11))*(sqrt(x5) + sin(x3 + 1.77) - 8.71) + sin(x0) + 2*cos(x1)',322.99279952076137,181248,409,14,58,12,512,paper,4,0,3376120482,322.8970947265625
600.0172150910366,'x4 + x5 + x6',4.178242587653359e-28,284672,409,15,58,12,512,paper,4,0,2204291346,1.0437235797855493e-10
600.2436869810335,'x4 + x5 + x6',4.317517340575137e-28,415744,409,16,58,12,512,paper,4,0,550243861,1.3648693286683056e-10
656.2427435528953,'-x0 + x2 + x3 + exp((x2 + 2*x5)/(-x1 + x2 + (x5 + x7)/x7)) + 3*x5/x3',59.92889435316151,97280,409,17,58,12,512,paper,4,0,3606691181,59.9289436340332
600.3123421110213,'sqrt(x10 - x6*(-x9 - 14.9*x8/x5)/sqrt(x9) - sqrt(x10/x3)*(x10/x6 + x10/x5) + square(x5))',276.3676485259914,251392,409,18,58,12,512,paper,4,0,1934392872,276.428466796875
600.0033169668168,'x4 + x5 + x6',3.6211435759662446e-28,448512,409,19,58,12,512,paper,4,0,2148995112,1.00358034382797e-10
600.1910845970269,'x4 + x5 + x6',3.760418328888023e-28,483328,409,20,58,12,512,paper,4,0,1592565386,1.8064445772569826e-10
658.6290763111319,'x2 + x3 + sqrt(-x2 + x3 + 2*x5) + 4*cos(x1) + cos(x3) - 2.17',453.74971757891115,19968,409,21,58,12,512,paper,4,0,784044718,453.74993896484375
625.988726267824,'x4 + x5 + x6 + log(9*x1 + 2*x3) - 5.59',0.027429330493475103,51200,409,22,58,12,512,paper,4,0,3980425317,0.027429096400737762
600.4915608300362,'x2 + x3 + x5/sqrt(x7 + 3.25*square(x2/x7)/x7) + sin(x1) + sin(x3) + 2*sin(x7)',22.381346151832354,206848,409,23,58,12,512,paper,4,0,3356806661,22.380699157714844
604.1066428190097,'x2 + x3 + 3*sqrt(x5) + exp(exp(cos(x3))) - log(x9**2*(2*x2 - x5)) + cos(x1)',379.6961622588465,226304,409,24,58,12,512,paper,4,0,2765379632,379.69586181640625
819.3546001180075,'x2 + x3 + sqrt(x5) + 2*sin(2*x2) + 2*sin(x3 + x4) + sin(x3 + x9)',474.1279213975266,20480,409,25,58,12,512,paper,4,0,1728356533,474.1241149902344
600.2594421941321,'x2 + x3 + x7**(sqrt(x5)*log(log(x1))**2/4)*(-log(x1) + log(log(x5 + x8)))*log(sqrt(x6))',34.267007080365055,308736,409,26,58,12,512,paper,4,0,3533734220,34.266998291015625
826.5329379548784,'x2 + x3 + sqrt(x5) + 3*cos(x1) + cos(x11) + 3*cos(x3) + cos(square(x1))',453.52984561287843,20480,409,27,58,12,512,paper,4,0,2342600226,453.52984619140625
600.0693138090428,'x1**2*cos(log(x5 + x7))/cos(x1) + x1/cos(x1) + x2 + x3 + log(x10)/cos(cos(log(x5 + x7)))',193.2009894035281,196096,409,28,58,12,512,paper,4,0,1904449481,193.20091247558594
600.1535946012009,'x4 + x5 + x6 - x7/square(0.369**x8 + x0 + x9)',3.881612048481258e-12,376320,409,29,58,12,512,paper,4,0,1934709049,1.9268742157407814e-10
600.3744699109811,'x2 + x3 + (-x2**(3/2)/x6 - x2 + 2*x5 + sqrt(x6))/log((x2*x4/x7 + x2)/sqrt(x5))',79.56163196086464,115712,409,0,58,12,1024,paper,4,0,3324115916,79.56163024902344
600.5128757581115,'x4 + x5 + x6',4.178242587653359e-28,901120,409,1,58,12,1024,paper,4,0,2811363264,1.4050124952369458e-10
601.0260000450071,'x4 + x5 + x6',4.178242587653359e-28,471040,409,2,58,12,1024,paper,4,0,1884968544,1.00358034382797e-10
600.1264131150674,'x4 + x5 + x6',4.317517340575137e-28,714752,409,3,58,12,1024,paper,4,0,1859786275,1.0437235797855493e-10
600.610305741895,'x4 + x5 + x6',3.760418328888023e-28,731136,409,4,58,12,1024,paper,4,0,3687649985,1.0437235797855493e-10
600.6857670568861,'x4 + x5 + x6 + (x0 + sin(x5 - 0.986))/(x6*x9 + x6 - 0.0594)',1.364488246216298e-12,632832,409,5,58,12,1024,paper,4,0,369133708,1.7663014106883423e-10
601.0516947540455,'x4 + x5 + x6 + 1/((-x10 + x9)*(x4 - x6 - cos(x6)/x7))',5.52853845264378e-12,579584,409,6,58,12,1024,paper,4,0,2995172877,9.634371078703907e-11
600.1349100640509,'x4 + x5 + x6 + 9.43e-7',8.892489796431351e-13,498688,409,7,58,12,1024,paper,4,0,865305066,1.0437235797855493e-10
600.7878306859639,'x1 + x2 + x3 + ((x7*exp(-x1)*exp(square(x5/sqrt(x3))/sqrt(x4)))**(1/4) + x7*exp(x1)/x3)**(1/4)',51.5517002018088,157696,409,8,58,12,1024,paper,4,0,404488628,51.5517578125
600.8241914550308,'x4 + x5 + x6 - 3.37/(x10 + x5 + square(2*x5) - 3.55 + square(square(x3))/(-x6 + x7))',1.966358539556576e-11,565248,409,9,58,12,1024,paper,4,0,2261209995,9.634371078703907e-11
600.7547727620695,'x4 + x5 + x6 + (x4 - 1.16)/(x8*(x1*x4 + x3))',1.7284091003420612e-11,622592,409,10,58,12,1024,paper,4,0,4190266092,8.430074693865919e-11
601.004990613088,'x4 + x5 + x6 + square((x1*x6)**(-0.984))',4.512203640397568e-11,651264,409,11,58,12,1024,paper,4,0,3160032368,1.565585300289385e-10
769.1057782021817,'x4 + x5 + x6 - cos(x10)/(-square(x1*x3) - 0.464 + square(x1*x4*x5)/(-x10 + square(x1*x3)))',2.4070397212206757e-11,105472,409,12,58,12,1024,paper,4,0,3269070126,1.445155661805586e-10
600.4098225410562,'x4 + x5 + x6',4.317517340575137e-28,619520,409,13,58,12,1024,paper,4,0,3081541439,1.0437235797855493e-10
600.1221084068529,'x4 + x5 + x6',4.317517340575137e-28,626688,409,14,58,12,1024,paper,4,0,3376120482,1.2444396901845067e-10
600.4283448169008,'x4 + x5 + x6',4.178242587653359e-28,675840,409,15,58,12,1024,paper,4,0,2204291346,1.0437235797855493e-10
600.4115343771409,'x4 + x5 + x6',4.317517340575137e-28,802816,409,16,58,12,1024,paper,4,0,550243861,1.00358034382797e-10
600.7527834801003,'x1 + x2 + x3 - x3/(2*x2 - x5 + cos(x10) - 0.163) + (x4**cos(x2 + 2*x5))**cos(x10)',40.92270175300908,241664,409,17,58,12,1024,paper,4,0,3606691181,40.92207717895508
600.1578764789738,'x4 + x5 + x6 - x7/(x5*x8*log(x8))',2.9376565279625376e-11,548864,409,18,58,12,1024,paper,4,0,1934392872,1.6458717722045435e-10
773.0538564589806,'x1 + x2 + x3 + log(2*x7 + 0.029)**((x7 + ((x4 + x7 + 0.029)**(sqrt(x7)))**sin(x1))**(sin(x5)/4))',27.104299969282017,159744,409,19,58,12,1024,paper,4,0,2148995112,27.098363876342773
600.4559301359113,'x4 + x5 + x6',3.760418328888023e-28,598016,409,20,58,12,1024,paper,4,0,1592565386,8.831507053441712e-11
600.5506546900142,'x4 + x5 + x6',4.317517340575137e-28,807936,409,21,58,12,1024,paper,4,0,784044718,8.430074693865919e-11
600.4964364420157,'x4 + x5 + x6 - (x3 - (x11 + x2*x5)/x3)/(x3*x4*x6**2)',2.2055436087771112e-11,450560,409,22,58,12,1024,paper,4,0,3980425317,8.430074693865919e-11
600.057623121189,'x4 + x5 + x6 + sin(sin(log(x0)*cos(log(x2))/((-x10 + x11 + x5 + x6)*log(x4))))',2.5859908720125867e-11,479232,409,23,58,12,1024,paper,4,0,3356806661,8.430074693865919e-11
601.6680509829894,'x2 + x3 - sqrt(x7) + (sqrt(x7)*exp(sqrt(-x2 + 3*sqrt(x5) + x5 + x6 + sqrt(x7))))**(1/4)',85.12071308942616,249856,409,24,58,12,1024,paper,4,0,2765379632,85.12063598632812
600.4594133300707,'x4 + x5 + x6',4.317517340575137e-28,829440,409,25,58,12,1024,paper,4,0,1728356533,1.2042963848379884e-10
600.5400046480354,'x2 + x3 + sqrt(square(x7)*sin(0.779**(0.779**(x7*cos(x1))))**(0.801**x4)) + x7/(x1*(x3 + x4 + x6))',0.0009816025933407561,306176,409,26,58,12,1024,paper,4,0,3533734220,0.0009821573039516807
600.46980304108,'x1/(x11*x8) + x4 + x5 + x6',6.912307094794696e-17,646144,409,27,58,12,1024,paper,4,0,2342600226,1.0437235797855493e-10
601.0255515580066,'x4 + x5 + x6 - x7/((-2.92*x5 + x7 + square(x6 + (-x9 - 11.4)/(x4*x7)))*square(x4))',4.3595796583755776e-11,415744,409,28,58,12,1024,paper,4,0,1904449481,1.4050124952369458e-10
600.6054432040546,'x4 + x5 + x6',4.317517340575137e-28,738304,409,29,58,12,1024,paper,4,0,1934709049,1.4050124952369458e-10
600.8301682339516,'x1 + x2 + x3 + (x1 + sqrt(x5) - 10.1)*(x1 + sqrt(x5) + sin(x4) + cos(x3) - 14.1)',232.3857623332246,145408,409,0,58,12,2048,paper,4,0,3324115916,232.22425842285156
600.4599954998121,'x4 + x5 + x6',4.178242587653359e-28,1067008,409,1,58,12,2048,paper,4,0,2811363264,1.0437235797855493e-10
600.2158989759628,'x4 + x5 + x6',4.178242587653359e-28,1298432,409,2,58,12,2048,paper,4,0,1884968544,1.00358034382797e-10
600.6591988110449,'-x2/(2*x3*x4**2*(-2*x3 + x5)) + x4 + x5 + x6',3.301065949214153e-11,755712,409,3,58,12,2048,paper,4,0,1859786275,8.430074693865919e-11
600.6940674129874,'x4 + x5 + x6',3.760418328888023e-28,1107968,409,4,58,12,2048,paper,4,0,3687649985,1.0437235797855493e-10
601.9977183530573,'x4 + x5 + x6 + sqrt(x4)/(x11*x5**(3/2)*sin(sqrt(x5 + x6)))',7.005570505152035e-12,657408,409,5,58,12,2048,paper,4,0,369133708,7.22577830902793e-11
600.7345764008351,'x4 + x5 + x6',4.317517340575137e-28,1093632,409,6,58,12,2048,paper,4,0,2995172877,1.0437235797855493e-10
600.0162667280529,'x4 + x5 + x6',4.317517340575137e-28,389120,409,7,58,12,2048,paper,4,0,865305066,1.8064445772569826e-10
600.8803045300301,'x4 + x5 + x6 - 2.54/(-x10 - x11*x4 - x11 + square(square(sqrt(x7))*log(x4)))',1.3322375782724493e-11,907264,409,8,58,12,2048,paper,4,0,404488628,1.2444396901845067e-10
600.5497953970917,'x4 + x5 + x6',4.317517340575137e-28,1155072,409,9,58,12,2048,paper,4,0,2261209995,1.0437235797855493e-10
698.5652345127892,'x1 + x2 + x3 + (x1**(sqrt(x5))/(x5*x6) + (x5**(x1/2) + exp(sqrt(x5)))/(x0**(1/4)*x1))/x9',53.999885143638195,272384,409,10,58,12,2048,paper,4,0,4190266092,53.99989700317383
600.370063261129,'x4 + x5 + x6',4.317517340575137e-28,1196032,409,11,58,12,2048,paper,4,0,3160032368,1.00358034382797e-10
600.8919908439275,'x4 + x5 + x6',4.178242587653359e-28,1093632,409,12,58,12,2048,paper,4,0,3269070126,1.3648693286683056e-10
600.1067340190057,'x4 + x5 + x6',4.317517340575137e-28,1181696,409,13,58,12,2048,paper,4,0,3081541439,1.0437235797855493e-10
600.7340687769465,'x4 + x5 + x6',4.317517340575137e-28,1120256,409,14,58,12,2048,paper,4,0,3376120482,1.2444396901845067e-10
600.7833483240101,'x4 + x5 + x6',4.178242587653359e-28,1097728,409,15,58,12,2048,paper,4,0,2204291346,1.0437235797855493e-10
600.5274421509821,'x4 + x5 + x6',4.317517340575137e-28,1331200,409,16,58,12,2048,paper,4,0,550243861,1.00358034382797e-10
600.5084511791356,'x4 + x5 + x6',4.317517340575137e-28,788480,409,17,58,12,2048,paper,4,0,3606691181,1.0437235797855493e-10
601.9509709710255,'x4 + x5 + x6 - cos(x11)/(x8*(x3 + x4 - x5 + sqrt(x0 + x6)))',6.427527852390689e-12,796672,409,18,58,12,2048,paper,4,0,1934392872,1.2444396901845067e-10
600.0212067940738,'x4 + x5 + x6',3.6211435759662446e-28,1236992,409,19,58,12,2048,paper,4,0,2148995112,1.00358034382797e-10
600.4078452801332,'x4 + x5 + x6 + x8**(1/4)/(x10*x3)',7.0858661415325396e-12,1038336,409,20,58,12,2048,paper,4,0,1592565386,8.430074693865919e-11
600.0110913841054,'x4 + x5 + x6',4.317517340575137e-28,1343488,409,21,58,12,2048,paper,4,0,784044718,8.430074693865919e-11
600.3528063930571,'x4 + x4/square(3*x5 + x6 + x9 - square(x2)) + x5 + x6',4.428024837672419e-11,888832,409,22,58,12,2048,paper,4,0,3980425317,8.831507053441712e-11
604.9655020760838,'x2 + x3 + log(sqrt(x5*x7*x9 + 2.75)) + 4*cos(x1) + cos(x3) + cos(x8)',61.475501306306626,372736,409,23,58,12,2048,paper,4,0,3356806661,61.475303649902344
600.5970616538543,'x2 + x3 + sqrt((sqrt(x10) + x2)**sin(sqrt(sqrt(x3)*x7/x6))) + exp(sqrt(sqrt(x10)*x5/(x2 + x3)))/x10',16.909157993583918,409600,409,24,58,12,2048,paper,4,0,2765379632,16.90923309326172
600.5194042348303,'x4 + x5 + x6 + square(x1/(x3*(x2 - 2*x4 - x6 + x5/x2)))',3.716549205288889e-11,780288,409,25,58,12,2048,paper,4,0,1728356533,8.831507053441712e-11
600.2272144309245,'sqrt(x1)/cos(x1) + x2 + x3 + square(square(x5/(sqrt(x3) - 2*sin(x0) - cos(x9)))/sqrt(x2))/sqrt(x5)',36.59987121880006,757760,409,26,58,12,2048,paper,4,0,3533734220,36.5998420715332
600.6171501339413,'x4 + x5 + x6 + sqrt(log(sqrt(log(sqrt(x1) + x3)))**x3)',4.292683584803923e-12,626688,409,27,58,12,2048,paper,4,0,2342600226,1.00358034382797e-10
601.8342293601017,'x2 + x3 + square((x1*x5 - x2 + 2*x5 - log(square(square(x1*x10*(x1*x7 - x3)))))/(-x1 + x2))',81.4266975161074,491520,409,28,58,12,2048,paper,4,0,1904449481,81.42668914794922
600.3694821118843,'x4 + x5 + x6 + exp(x7/(x4 + x5))/(-x10*x8 + x6 - 1.34)',1.999626198638332e-12,997376,409,29,58,12,2048,paper,4,0,1934709049,1.00358034382797e-10
603.5943828138988,'x4 + x5 + x6 + (x10/x6 + x4)/(x11*(x8 + 1.24)*cos(x10*(x11 + x4)))',2.235855824924642e-10,249856,409,0,58,12,4096,paper,4,0,3324115916,5.620049911558844e-11
600.8812886190135,'x4 + x5 + x6 + 1/(x11*x6*sin(x10))',2.7313747695138038e-11,1708032,409,1,58,12,4096,paper,4,0,2811363264,1.2444396901845067e-10
600.5135507951491,'x4 + x5 + x6',4.178242587653359e-28,2191360,409,2,58,12,4096,paper,4,0,1884968544,1.00358034382797e-10
601.1414354720619,'x4 + x5 + x6 - x7/(x8*(2*sqrt(x10) + 2*x2 + x3))',1.653402049950546e-11,1826816,409,3,58,12,4096,paper,4,0,1859786275,1.565585300289385e-10
600.3016544568818,'x4 + x5 + x6 - log(cos(log(cos(cos((-square(x2 + x5 + 0.0317) + log(x1/x9))/log(x9))))/x6))',4.3042303636403746e-11,712704,409,4,58,12,4096,paper,4,0,3687649985,1.00358034382797e-10
601.945222685812,'x5 + x6 + square(sqrt(x4)) + 0.117/square(x1/x3 - x4 - x6)',1.744222730480057e-11,1851392,409,5,58,12,4096,paper,4,0,369133708,1.4852989671521044e-10
852.746821003966,'-x0 + x2 + x3 - 4*x7/(x2 + x3 - 2*x5 + 2*x6) + sqrt(x5 + sqrt(x7))',84.17179342260906,221184,409,6,58,12,4096,paper,4,0,2995172877,84.17185974121094
600.6280619360041,'x4 + x5 + x6',4.317517340575137e-28,2932736,409,7,58,12,4096,paper,4,0,865305066,1.0437235797855493e-10
600.2745034629479,'x4 + x5 + x6',3.6211435759662446e-28,1761280,409,8,58,12,4096,paper,4,0,404488628,8.831507053441712e-11
600.5930836359039,'x4 + x5 + x6',4.317517340575137e-28,2068480,409,9,58,12,4096,paper,4,0,2261209995,1.0437235797855493e-10
601.1594670030754,'x4 + x5 + x6 - sin(1.3e-9*x3/cos(x2 + x4 + x5))',5.236544823510521e-12,1675264,409,10,58,12,4096,paper,4,0,4190266092,6.824346643341528e-11
600.6604782450013,'x4 + x5 + x6 + square(cos(x1)/x8)',8.726231014578006e-19,1908736,409,11,58,12,4096,paper,4,0,3160032368,1.00358034382797e-10
600.3712034369819,'x4 + x5 + x6 - sqrt((-x6 + x9)/(x5*x8))*log(x0)/x8',1.4469412729042881e-11,1679360,409,12,58,12,4096,paper,4,0,3269070126,7.22577830902793e-11
600.1450750969816,'x4 + x5 + x6',4.317517340575137e-28,2723840,409,13,58,12,4096,paper,4,0,3081541439,1.4050124952369458e-10
600.5581008780282,'x4 + x5 + x6',4.317517340575137e-28,2011136,409,14,58,12,4096,paper,4,0,3376120482,8.831507053441712e-11
600.3263538910542,'x4 + x5 + x6',4.178242587653359e-28,2125824,409,15,58,12,4096,paper,4,0,2204291346,1.0437235797855493e-10
600.2327680089511,'x4 + x5 + x6',4.317517340575137e-28,2625536,409,16,58,12,4096,paper,4,0,550243861,1.00358034382797e-10
600.6124169940595,'x4 + x5 + x6',4.317517340575137e-28,2449408,409,17,58,12,4096,paper,4,0,3606691181,1.8064445772569826e-10
600.1871219349559,'x4 + x5 + x6',4.317517340575137e-28,2420736,409,18,58,12,4096,paper,4,0,1934392872,1.0437235797855493e-10
601.1936703668907,'x4 + x5 + x6 + sqrt(x6**(-3.51))/(x1 + exp((x0*x3 + x3 - 0.934)/x5))',3.180896063859881e-11,1351680,409,19,58,12,4096,paper,4,0,2148995112,6.021481924189942e-11
600.8575568511151,'x4 + x5 + x6 + exp(x6/(x3 - x7 + log(x10) + log(x3)))/(x10*x5)',4.293265497828812e-11,1646592,409,20,58,12,4096,paper,4,0,1592565386,1.2042963848379884e-10
600.7703688831534,'x4 + x5 + x6',4.317517340575137e-28,2326528,409,21,58,12,4096,paper,4,0,784044718,8.430074693865919e-11
600.0770957199857,'x4 + x5 + x6 + x7*(x0 + x4)/(x10*x8)',1.1649965340354243e-11,2043904,409,22,58,12,4096,paper,4,0,3980425317,1.2042963848379884e-10
600.8524770461954,'x4 + x5 + x6',3.760418328888023e-28,2551808,409,23,58,12,4096,paper,4,0,3356806661,1.4050124952369458e-10
600.7235619521234,'x4 + x5 + x6',3.760418328888023e-28,2363392,409,24,58,12,4096,paper,4,0,2765379632,1.0437235797855493e-10
600.119431868894,'x4 + x5 + x6',4.317517340575137e-28,1908736,409,25,58,12,4096,paper,4,0,1728356533,1.0437235797855493e-10
600.1090760729276,'x4 + x5 + x6',4.317517340575137e-28,2183168,409,26,58,12,4096,paper,4,0,3533734220,1.0437235797855493e-10
600.1319129338954,'x4 + x5 + x6 - x7*x9**(1/4)/(x3*x6*x8)',1.201828631557979e-11,1990656,409,27,58,12,4096,paper,4,0,2342600226,8.430074693865919e-11
600.004389511887,'x4 + x5 + x6 + x3/(x1*(x11 - square(x11/sqrt(x8)))*square(x1*x6/x5 + x4))',6.6426500881228995e-12,1265664,409,28,58,12,4096,paper,4,0,1904449481,1.1240099823117689e-10
600.0746573659126,'x4 + x5 + x6',4.317517340575137e-28,2457600,409,29,58,12,4096,paper,4,0,1934709049,1.0437235797855493e-10
660.7050385922194,'x2 + x3 + log(x1*x10)',549.4532845993497,16384,409,0,58,12,8192,paper,4,0,3324115916,549.4531860351562
670.7914096030872,'x4 + x5 + x6',4.178242587653359e-28,32768,409,1,58,12,8192,paper,4,0,2811363264,1.0437235797855493e-10
600.8433144069277,'-0.00732*x10*x5/(x11*x4*x9) + x4 + x5 + x6',2.112049394320678e-11,3170304,409,2,58,12,8192,paper,4,0,1884968544,8.028643028179516e-11
600.012959762942,'x4 + x5 + x6 + cos(x6 + cos(x3 + 2*x4 + x5/x4**x3))**x10/x11',2.014004358585292e-11,245760,409,3,58,12,8192,paper,4,0,1859786275,7.22577830902793e-11
600.5847635581158,'x4 + x5 + x6 + (x4 - x7)/square(x9)',3.5794118317333704e-12,3137536,409,4,58,12,8192,paper,4,0,3687649985,1.00358034382797e-10
601.6190040521324,'x4 + x5 + x6 - 3.05/(x6*(x9 - square(x4 + x5 + x6) - 6.1))',3.2612866507659694e-11,2662400,409,5,58,12,8192,paper,4,0,369133708,5.2186178989277465e-11
600.958054308081,'x4 + x5 + x6 + (x5/(x9*cos(x3)) + 0.84*exp(-x1))/(x10 - x6 - x8)',7.785711862893763e-12,2514944,409,6,58,12,8192,paper,4,0,2995172877,7.22577830902793e-11
600.5750122489408,'x4 + x5 + x6',4.317517340575137e-28,3743744,409,7,58,12,8192,paper,4,0,865305066,1.0437235797855493e-10
600.014131187927,'x4 + x5 + x6',3.6211435759662446e-28,3776512,409,8,58,12,8192,paper,4,0,404488628,8.831507053441712e-11
601.5545610089321,'x4 + x5 + x6 - 1/((x1 + x2/x6)*(-x11 - x8 + square(x7)))',1.3912204532984614e-11,2547712,409,9,58,12,8192,paper,4,0,2261209995,6.824346643341528e-11
600.7329299619887,'x4 + x5 + x6 - sin(sqrt(x1 + x10))**x11/x10',1.7072777566491771e-12,2924544,409,10,58,12,8192,paper,4,0,4190266092,8.831507053441712e-11
602.4986149279866,'x4 + x5 + x6 + cos(x7)/(x0 + square(2*x5 + x6 + ((2*x4/x5)**x3)**(1/4)))',2.1212459899959674e-11,1507328,409,11,58,12,8192,paper,4,0,3160032368,5.620049911558844e-11
600.5082669560798,'x4 + x5 + x6',4.178242587653359e-28,532480,409,12,58,12,8192,paper,4,0,3269070126,1.0437235797855493e-10
600.5069689319935,'x4 + x5 + x6',4.317517340575137e-28,4440064,409,13,58,12,8192,paper,4,0,3081541439,1.0437235797855493e-10
787.5891052701045,'x4 + x5 + x6',4.317517340575137e-28,40960,409,14,58,12,8192,paper,4,0,3376120482,1.8064445772569826e-10
600.5826897330116,'x4 + x5 + x6',4.178242587653359e-28,3743744,409,15,58,12,8192,paper,4,0,2204291346,1.0437235797855493e-10
600.7993068371434,'x4 + x5 + x6',4.317517340575137e-28,4382720,409,16,58,12,8192,paper,4,0,550243861,1.00358034382797e-10
601.523760674987,'0.0012*x2*cos(x6)/(x4*x6*log(x3)) + x4 + x5 + x6',2.2591330874214624e-11,2301952,409,17,58,12,8192,paper,4,0,3606691181,9.634371078703907e-11
601.2747032931075,'x4 + x5 + x6 - x7/(x8*(x2 + sqrt(x3) + x4)*log(x5) + square(x0))',1.79745329844763e-11,1064960,409,18,58,12,8192,paper,4,0,1934392872,7.22577830902793e-11
600.0205231138971,'x4 + x5 + x6',3.6211435759662446e-28,4349952,409,19,58,12,8192,paper,4,0,2148995112,1.00358034382797e-10
600.3764486641157,'x4 + x5 + x6',3.760418328888023e-28,2637824,409,20,58,12,8192,paper,4,0,1592565386,1.4050124952369458e-10
726.4549080540892,'x4 + x5 + x6',4.317517340575137e-28,40960,409,21,58,12,8192,paper,4,0,784044718,1.3648693286683056e-10
600.1382944660727,'x4 + x5 + x6',4.317517340575137e-28,3481600,409,22,58,12,8192,paper,4,0,3980425317,1.2444396901845067e-10
759.3247970531229,'x4 + x5 + x6',3.760418328888023e-28,40960,409,23,58,12,8192,paper,4,0,3356806661,1.4050124952369458e-10
600.1621925148647,'x4 + x5 + x6 + (x1 - x4)/((x2 + x3*(x11 + x4 + square(x6)))*log(x6))',5.78667632109722e-12,2490368,409,24,58,12,8192,paper,4,0,2765379632,8.430074693865919e-11
604.152738089906,'x4 + x5 + x6 - 0.221/(-x10 - x11 + (x10**(x5/x6))**cos(x10 + 2*x2) + 0.221)',7.97814489594821e-12,606208,409,25,58,12,8192,paper,4,0,1728356533,7.627210668603723e-11
805.2387306729797,'x4 + x4/((x10 + (x2*x7 + x3)*sin(x2*x5))*(x4 + x5)*(x7 - 14.9)) + x5 + x6',1.0110223626730431e-11,663552,409,26,58,12,8192,paper,4,0,3533734220,7.22577830902793e-11
600.5891562779434,'x4 + x5 + x6 + 0.966/x8**(x3**square(sin(sqrt(x10*(x5 - 8.19) - 7.19))))',2.408723323600837e-11,2326528,409,27,58,12,8192,paper,4,0,2342600226,8.430074693865919e-11
601.1585209830664,'x10**(-1.15) + x4 + x5 + x6',1.68838340364448e-11,2834432,409,28,58,12,8192,paper,4,0,1904449481,9.634371078703907e-11
600.5914649299812,'x4 + x5 + x6 + log(x10*x5)**(-4.66)',8.315847918514805e-12,2506752,409,29,58,12,8192,paper,4,0,1934709049,1.00358034382797e-10
601.5867183499504,'x4 + x5 + x6',4.317517340575137e-28,245760,409,0,58,12,16384,paper,4,0,3324115916,1.0437235797855493e-10
600.6116523509845,'x4 + x5 + x6',4.178242587653359e-28,1359872,409,1,58,12,16384,paper,4,0,2811363264,1.0437235797855493e-10
600.7248646868393,'x4 + x5 + x6',4.178242587653359e-28,360448,409,2,58,12,16384,paper,4,0,1884968544,1.00358034382797e-10
606.0851208998356,'x4 + x5 + x6 - 0.233/(0.422*x0*x5*x7 - x5 - 571.0*x6)',1.8178030670661464e-11,1114112,409,3,58,12,16384,paper,4,0,1859786275,5.620049911558844e-11
600.3405792678241,'-x0*square(x7)/(x5*x8**2) + x4 + x5 + x6',4.760951189814905e-12,4177920,409,4,58,12,16384,paper,4,0,3687649985,8.430074693865919e-11
696.0878370839637,'x4 + x5 + x6 + sin(x5 + sin(x8 - x9))/(2*x5 - x6 - x8 + x9 - square(x6) + 2.02e+5)',1.685883623632783e-11,868352,409,5,58,12,16384,paper,4,0,369133708,2.810024955779422e-11
600.8780793219339,'x0*cos(x6 - x9)/((-x0*x11/log(x10) + x10 - 0.397)*log(x10)) + x4 + x5 + x6',1.8607032720529337e-11,3211264,409,6,58,12,16384,paper,4,0,2995172877,4.415753526720856e-11
601.3070674838964,'x2/((x5 - x8)*square(square(x6)/(x2 + x5))) + x4 + x5 + x6',5.3944320942947686e-12,3457024,409,7,58,12,16384,paper,4,0,865305066,8.430074693865919e-11
601.3856919289101,'x4 + x5 + x6 + square(x3/(x10 + x11))',6.534849034362141e-12,4489216,409,8,58,12,16384,paper,4,0,404488628,8.430074693865919e-11
600.0387933759484,'x4 + x5 + x6 - (x2 + x7)/square(x2 + x4 + square(x6))',1.7696007452332244e-12,4325376,409,9,58,12,16384,paper,4,0,2261209995,8.430074693865919e-11
600.2123711730819,'x4 + x5 + x6',4.178242587653359e-28,4292608,409,10,58,12,16384,paper,4,0,4190266092,1.0437235797855493e-10
601.5620453278534,'x4 + x5 + x6 - square((x3 + 2*x7)/(x2 + x8 + x10/x0))/x4',5.304637852990752e-12,2555904,409,11,58,12,16384,paper,4,0,3160032368,6.824346643341528e-11
600.8625794879626,'x4 + x5 + x6',4.178242587653359e-28,98304,409,12,58,12,16384,paper,4,0,3269070126,1.0437235797855493e-10
600.862510359846,'x4 + x5 + x6',4.317517340575137e-28,5210112,409,13,58,12,16384,paper,4,0,3081541439,1.0437235797855493e-10
645.5381375229917,'x4 + x5 + x6',4.317517340575137e-28,65536,409,14,58,12,16384,paper,4,0,3376120482,8.831507053441712e-11
601.3411920119543,'x4 + x5 + x6',4.178242587653359e-28,5718016,409,15,58,12,16384,paper,4,0,2204291346,1.0437235797855493e-10
601.4822808110621,'x0*cos(x7)/((x3 + x6*sin(x6)/x7)*square(1.94*x4)) + x4 + x5 + x6',7.940155952499444e-12,1753088,409,16,58,12,16384,paper,4,0,550243861,4.8171855393519536e-11
601.6602066811174,'x4 + x5 + x6',4.317517340575137e-28,4521984,409,17,58,12,16384,paper,4,0,3606691181,1.0437235797855493e-10
723.9877256159671,'x4 + x5 + x6 + (x5/(x7 - 0.876) - x6 + x7)/(-6.57e+7 + 6.57e+7/sqrt(x4/x0))',2.4475971936071217e-11,1654784,409,18,58,12,16384,paper,4,0,1934392872,3.2114571418828675e-11
601.0967546349857,'x4 + x5 + x6 + square((x5 + sin(cos(x0)))/square(x3 + x5)) + log(x10)/square(-x11 + x8)',5.2176989269053e-11,3555328,409,19,58,12,16384,paper,4,0,2148995112,6.824346643341528e-11
709.113939726958,'x4 + x5 + x6',3.760418328888023e-28,81920,409,20,58,12,16384,paper,4,0,1592565386,8.831507053441712e-11
600.8324543668423,'x4 + x5 + x6 - log(x2)/(x3**x1*(-x5 + x6))',1.885331421920472e-11,5193728,409,21,58,12,16384,paper,4,0,784044718,6.824346643341528e-11
601.7331047730986,'x4 + x5 + x6',4.317517340575137e-28,1605632,409,22,58,12,16384,paper,4,0,3980425317,1.0437235797855493e-10
601.5789230130613,'x4 + x5 + x6',3.760418328888023e-28,180224,409,23,58,12,16384,paper,4,0,3356806661,1.0437235797855493e-10
600.55441857595,'x4 + x5 + x6 - 3.74e-6*x7/(x3 + x4 + (x3 - x6)/sin(x10))',2.1866798432269496e-11,2654208,409,24,58,12,16384,paper,4,0,2765379632,7.22577830902793e-11
600.5419342620298,'x4 + x5 + x6 + 0.365*(-108.0*x4 - 108.0*x5)/x8**2',2.7436209765915943e-11,4407296,409,25,58,12,16384,paper,4,0,1728356533,7.627210668603723e-11
600.0381416419987,'x5 + x6 + square(x4)/x4',4.178242587653359e-28,5521408,409,26,58,12,16384,paper,4,0,3533734220,1.00358034382797e-10
601.3453029629309,'x4 + x5 + x6 - exp(-x3 + x4 - cos(x2))',1.2428336757600117e-12,4685824,409,27,58,12,16384,paper,4,0,2342600226,1.00358034382797e-10
602.3593699419871,'x4 + x5 + x6',4.317517340575137e-28,4718592,409,28,58,12,16384,paper,4,0,1904449481,1.00358034382797e-10
676.8052794241812,'x4 + x5 + x6',4.317517340575137e-28,65536,409,29,58,12,16384,paper,4,0,1934709049,1.0437235797855493e-10
